task,model,fold,n_total,MAE,RMSE,R2
energy_without_28_100,Moyenne,1,405,59.62852461515013,68.77894847159119,-0.025514760153149352
energy_without_28_100,Forêt,1,405,39.055285028114895,54.99208116081417,0.34441174666522956
energy_without_28_100,Moyenne,2,405,61.4493979576284,68.88454370339853,-0.02006234992299838
energy_without_28_100,Forêt,2,405,23.63534896372458,32.492766296660506,0.7730362386620291
energy_without_28_100,Moyenne,3,405,51.75891632373114,61.08639862283435,-0.0009664751669811178
energy_without_28_100,Forêt,3,405,18.069305573113446,23.694427273784292,0.8494007115965415
energy_without_28_100,Moyenne,4,405,52.27190976985217,59.31841183498258,-0.03979746351974245
energy_without_28_100,Forêt,4,405,21.498191961716262,27.976287666934777,0.7687137078517083
energy_without_28_100,Moyenne,5,405,58.97325102880658,67.88025293115264,-0.03403324572307409
energy_without_28_100,Forêt,5,405,21.99272085925527,31.530694644660972,0.776892240064157
temperature_at_100J,Moyenne,1,356,18.690532081377153,23.189568062340868,-0.014115868937300213
temperature_at_100J,Forêt,1,356,11.807853530294937,19.268798443992065,0.2998170554822941
temperature_at_100J,Moyenne,2,356,19.53387694588584,26.841855884989787,-0.013145357891415133
temperature_at_100J,Forêt,2,356,13.847090145769725,20.662048770633177,0.3996653052950393
temperature_at_100J,Moyenne,3,356,17.01260192735359,22.01924108217629,-0.0035284519389024993
temperature_at_100J,Forêt,3,356,9.367230692454063,12.040427003987265,0.699939536784054
temperature_at_100J,Moyenne,4,356,19.5223128243143,25.999510624050252,-0.003575883730974949
temperature_at_100J,Forêt,4,356,13.47631013259444,18.97627835511364,0.46538399791885565
temperature_at_100J,Moyenne,5,356,23.78799110452187,30.8604448366952,-0.006955594470691606
temperature_at_100J,Forêt,5,356,15.859646752765672,21.461426755619616,0.5130065317787144
