model,subset,n,MAE,RMSE,R2
Arbre,energy_100,356,10.292278040365195,24.60738488723912,
Arbre,energy_28,118,14.046162689775821,27.085182063146178,
Arbre,other_energies,405,36.34151523443951,50.86285766227326,0.3885023548537674
Forêt,energy_100,356,8.482135086902803,15.160797638624492,
Forêt,energy_28,118,16.712969921810046,23.30879174321068,
Forêt,other_energies,405,27.313562380840118,39.463078150341836,0.6318920555434069
Moyenne,energy_100,356,12.33949746780542,12.405461222660067,
Moyenne,energy_28,118,59.89818713876473,59.91096522138022,
Moyenne,other_energies,405,56.18885187520056,65.53987466331647,-0.01532361734082599
RFF graphe,energy_100,356,18.634311793430385,24.5788770268158,
RFF graphe,energy_28,118,28.148677362793617,30.536502506466903,
RFF graphe,other_energies,405,32.920921046825164,41.017203434683665,0.6023276746628778
RFF supervisé,energy_100,356,18.95129130785184,25.004289652520665,
RFF supervisé,energy_28,118,27.760343620097785,30.236844868876034,
RFF supervisé,other_energies,405,32.60899311670144,40.716180879562266,0.6081432380692681
Ridge,energy_100,356,19.44419890497236,24.817531712153357,
Ridge,energy_28,118,27.178889688586555,31.388702037826352,
Ridge,other_energies,405,45.20451849945009,76.3243145607522,-0.37695295015025465
SVR RBF,energy_100,356,14.013076621275989,21.282486282006268,
SVR RBF,energy_28,118,23.367711797708758,27.78063093049699,
SVR RBF,other_energies,405,30.745706337112907,42.78553827026383,0.5672996211001761
XGBoost,energy_100,356,10.947944319650029,17.312977981819255,
XGBoost,energy_28,118,16.099379070734575,22.51069324044229,
XGBoost,other_energies,405,27.13103253399884,38.3194076899449,0.652918991788935
kNN,energy_100,356,10.240131875809645,19.023175059639858,
kNN,energy_28,118,24.910075584958335,28.99811435015551,
kNN,other_energies,405,32.23855623977697,45.94710610471644,0.5009895941855083
