column,variable,unit,observed_raw,missing_pct,unique_raw
1,C,wt%,1652,0.0,89
2,Si,wt%,1652,0.0,70
3,Mn,wt%,1652,0.0,153
4,S,wt%,1648,0.24213075060532688,36
5,P,wt%,1642,0.6053268765133172,37
6,Ni,wt%,697,57.80871670702179,107
7,Cr,wt%,784,52.54237288135594,137
8,Mo,wt%,793,51.99757869249395,85
9,V,wt%,928,43.82566585956417,82
10,Cu,wt%,578,65.01210653753027,77
11,Co,wt%,129,92.19128329297821,14
12,W,wt%,75,95.46004842615012,7
13,O,ppm,1256,23.97094430992736,268
14,Ti,ppm,935,43.40193704600484,91
15,N,ppm,1242,24.818401937046005,161
16,Al,ppm,905,45.2179176755448,76
17,B,ppm,504,69.49152542372882,30
18,Nb,ppm,752,54.47941888619855,63
19,Sn,ppm,296,82.08232445520581,20
20,As,ppm,234,85.83535108958837,19
21,Sb,ppm,260,84.26150121065376,24
22,current,A,1404,15.012106537530268,37
23,voltage,V,1404,15.012106537530268,24
24,current_type,catégorie,1437,13.01452784503632,2
25,polarity,catégorie,1496,9.443099273607748,3
26,heat_input,kJ/mm,1652,0.0,41
27,interpass_temperature,°C,1652,0.0,15
28,weld_type,catégorie,1652,0.0,10
29,pwht_temperature,°C,1639,0.7869249394673125,19
30,pwht_time,h,1639,0.7869249394673125,21
31,yield_strength,MPa,780,52.78450363196126,331
32,tensile_strength,MPa,738,55.32687651331719,307
33,elongation,%,700,57.6271186440678,155
34,reduction_area,%,705,57.32445520581114,135
35,charpy_temperature,°C,879,46.79176755447942,138
36,charpy_energy,J,879,46.79176755447942,167
37,hardness,kg/mm²,138,91.64648910411623,96
38,fatt50,°C,31,98.12348668280872,20
39,primary_ferrite,%,98,94.0677966101695,38
40,second_phase_ferrite,%,90,94.55205811138015,46
41,acicular_ferrite,%,90,94.55205811138015,50
42,martensite,%,89,94.61259079903148,2
43,carbide_ferrite,%,89,94.61259079903148,8
44,weld_id,identifiant,1652,0.0,1490
