target,model,fold,MAE,RMSE,R2,n_train,n_test,n_unlabeled_used,inner_MAE,params
yield_strength,Moyenne,1,64.03815746219593,83.33328165247411,-0.0032274581045199646,624,156,0,73.67805874013807,{}
yield_strength,Moyenne,2,79.78559130506245,103.4700819173031,-0.0014667229806981652,624,156,0,69.71207316321498,{}
yield_strength,Moyenne,3,75.33281558185404,97.9387801171014,-0.006360589271863226,624,156,0,71.00941275271204,{}
yield_strength,Moyenne,4,74.58657544378698,92.552714465337,-0.00797357606324356,624,156,0,71.26806659886589,{}
yield_strength,Moyenne,5,64.87126479289941,85.64710960886785,-0.007381807455337119,624,156,0,73.1528615014793,{}
yield_strength,Ridge,1,43.59097711136829,58.46448613885255,0.5062049697004389,624,156,0,44.58849552395384,"{""alpha"": 10}"
yield_strength,Ridge,2,50.339970026370324,74.50073248100074,0.4808079634575181,624,156,0,44.32482748005717,"{""alpha"": 10}"
yield_strength,Ridge,3,41.84854550354359,63.67603227107541,0.5746012313927682,624,156,0,44.82347164732289,"{""alpha"": 10}"
yield_strength,Ridge,4,43.710499807405945,58.2398309764883,0.6008730643164936,624,156,0,44.565090161492776,"{""alpha"": 10}"
yield_strength,Ridge,5,46.221598876555895,65.25044204873024,0.41529662891274843,624,156,0,43.42248348341309,"{""alpha"": 0.1}"
yield_strength,kNN,1,34.72400108485339,48.2200831260419,0.6640935443956968,624,156,0,42.48346387896666,"{""n_neighbors"": 5, ""weights"": ""distance""}"
yield_strength,kNN,2,42.72667166770129,63.01300180877644,0.6285782985186517,624,156,0,41.65307241834475,"{""n_neighbors"": 5, ""weights"": ""distance""}"
yield_strength,kNN,3,36.60395458377133,58.5372322629963,0.6404919586849342,624,156,0,41.723321012658936,"{""n_neighbors"": 5, ""weights"": ""distance""}"
yield_strength,kNN,4,36.37933047637315,51.86149498062123,0.6835093461907488,624,156,0,40.4645180121467,"{""n_neighbors"": 5, ""weights"": ""distance""}"
yield_strength,kNN,5,31.149593903244757,44.45831440732537,0.7285594872642661,624,156,0,42.56296079872164,"{""n_neighbors"": 5, ""weights"": ""distance""}"
yield_strength,SVR RBF,1,26.211078638585146,40.39745242167689,0.7642398510550139,624,156,0,28.701022468451843,"{""C"": 100, ""epsilon"": 0.1, ""gamma"": ""scale""}"
yield_strength,SVR RBF,2,30.221481509045798,51.90327623434636,0.7480023553339554,624,156,0,28.84211013308563,"{""C"": 10, ""epsilon"": 0.1, ""gamma"": ""scale""}"
yield_strength,SVR RBF,3,23.157091589583878,35.82477365430068,0.8653485140687864,624,156,0,28.836886552319356,"{""C"": 100, ""epsilon"": 0.1, ""gamma"": 0.01}"
yield_strength,SVR RBF,4,26.55634363302158,40.85555361949355,0.8035857352058942,624,156,0,28.390720941787706,"{""C"": 100, ""epsilon"": 0.1, ""gamma"": ""scale""}"
yield_strength,SVR RBF,5,26.364325686675517,43.57456103995817,0.7392437522473031,624,156,0,27.049243767721,"{""C"": 100, ""epsilon"": 0.1, ""gamma"": 0.01}"
yield_strength,Arbre,1,43.34863622893463,55.12025491449082,0.5610805000701549,624,156,0,49.15089974839975,"{""max_depth"": 10, ""min_samples_leaf"": 3}"
yield_strength,Arbre,2,48.68507475167142,72.59265277722923,0.507062030639515,624,156,0,48.76539705346611,"{""max_depth"": 10, ""min_samples_leaf"": 3}"
yield_strength,Arbre,3,47.74495726495725,65.22262953031718,0.5536856527107776,624,156,0,47.40588942307693,"{""max_depth"": null, ""min_samples_leaf"": 3}"
yield_strength,Arbre,4,43.101452991452994,59.136228848254795,0.588492194147531,624,156,0,45.7865190018315,"{""max_depth"": null, ""min_samples_leaf"": 3}"
yield_strength,Arbre,5,44.62019230769231,57.42350211442585,0.5471566105866189,624,156,0,46.76304868742369,"{""max_depth"": null, ""min_samples_leaf"": 3}"
yield_strength,Forêt,1,27.389877327533586,35.18718410139983,0.8211324874330779,624,156,0,35.709733454479554,"{""max_depth"": null, ""min_samples_leaf"": 1, ""max_features"": 0.7}"
yield_strength,Forêt,2,35.934968107702474,59.09841587852249,0.6732928667324435,624,156,0,35.23317474626068,"{""max_depth"": null, ""min_samples_leaf"": 1, ""max_features"": 0.7}"
yield_strength,Forêt,3,30.457157677392043,46.117042033368165,0.7768652927274322,624,156,0,37.991074461201414,"{""max_depth"": null, ""min_samples_leaf"": 1, ""max_features"": 0.7}"
yield_strength,Forêt,4,31.615592376373627,42.90712007550289,0.7833645341617754,624,156,0,34.92515844796119,"{""max_depth"": null, ""min_samples_leaf"": 1, ""max_features"": 0.7}"
yield_strength,Forêt,5,31.897829333571526,43.455176624564274,0.7406706208866225,624,156,0,34.225216727716735,"{""max_depth"": null, ""min_samples_leaf"": 1, ""max_features"": 0.7}"
yield_strength,XGBoost,1,24.93350599240034,32.473998553240804,0.847652976010692,624,156,0,30.380969502375677,"{""max_depth"": 4, ""learning_rate"": 0.1, ""reg_lambda"": 1.0}"
yield_strength,XGBoost,2,33.68914419320914,54.74212958297015,0.719682433755606,624,156,0,33.130042912409856,"{""max_depth"": 4, ""learning_rate"": 0.1, ""reg_lambda"": 1.0}"
yield_strength,XGBoost,3,26.854917242588144,43.96989509182265,0.7971593007789886,624,156,0,32.6172001569699,"{""max_depth"": 4, ""learning_rate"": 0.1, ""reg_lambda"": 1.0}"
yield_strength,XGBoost,4,29.253391559307392,42.388540103511005,0.7885694474755016,624,156,0,32.076297525259164,"{""max_depth"": 4, ""learning_rate"": 0.1, ""reg_lambda"": 1.0}"
yield_strength,XGBoost,5,26.980342141175885,37.30876621462327,0.8088428900115483,624,156,0,30.226034506773335,"{""max_depth"": 4, ""learning_rate"": 0.1, ""reg_lambda"": 1.0}"
yield_strength,RFF supervisé,1,43.620628401998346,56.94830299063688,0.5314844442628182,624,156,0,48.3061310546301,"{""alpha"": 0.001, ""gamma_factor"": 1.0, ""beta"": 0.0}"
yield_strength,RFF supervisé,2,47.16985844016487,63.34846521683435,0.624613083419501,624,156,0,42.75878726707507,"{""alpha"": 0.001, ""gamma_factor"": 1.0, ""beta"": 0.0}"
yield_strength,RFF supervisé,3,41.684466158289794,59.94072670078245,0.6230460939925899,624,156,0,44.04862818137726,"{""alpha"": 0.001, ""gamma_factor"": 1.0, ""beta"": 0.0}"
yield_strength,RFF supervisé,4,42.527267533125794,57.18352150631717,0.6152198854444423,624,156,0,44.32333761779498,"{""alpha"": 0.001, ""gamma_factor"": 1.0, ""beta"": 0.0}"
yield_strength,RFF supervisé,5,40.301132144636064,56.86062459355428,0.5559908364850272,624,156,0,42.45018425401866,"{""alpha"": 0.001, ""gamma_factor"": 1.0, ""beta"": 0.0}"
yield_strength,RFF graphe,1,43.587776850962264,56.89751701618786,0.532319707410257,624,156,753,48.342297398840486,"{""alpha"": 0.001, ""gamma_factor"": 1.0, ""beta"": 0.1}"
yield_strength,RFF graphe,2,47.34012099079333,63.47491233475231,0.623113000772026,624,156,700,42.864537710659306,"{""alpha"": 0.001, ""gamma_factor"": 1.0, ""beta"": 0.1}"
yield_strength,RFF graphe,3,41.65748845341352,59.902576336060726,0.6235257796182727,624,156,705,44.185366678872846,"{""alpha"": 0.001, ""gamma_factor"": 1.0, ""beta"": 0.1}"
yield_strength,RFF graphe,4,42.66438663827301,57.29862278599869,0.6136693248832681,624,156,715,44.47235459092028,"{""alpha"": 0.001, ""gamma_factor"": 1.0, ""beta"": 0.1}"
yield_strength,RFF graphe,5,40.31452078196577,56.884462295226434,0.5556184741813919,624,156,742,42.51394311985889,"{""alpha"": 0.001, ""gamma_factor"": 1.0, ""beta"": 0.1}"
tensile_strength,Moyenne,1,62.61176133760879,78.33510419578506,-0.02183658305788372,590,148,0,71.56754716042785,{}
tensile_strength,Moyenne,2,70.9895464956482,87.32444968753983,-0.0053686128548326995,590,148,0,69.44937213812949,{}
tensile_strength,Moyenne,3,67.61314017407238,85.35469990401286,-0.011051681748995401,590,148,0,70.98094962194072,{}
tensile_strength,Moyenne,4,79.94069201284576,104.81171637574212,-0.0017013099653016006,591,147,0,67.64520944454465,{}
tensile_strength,Moyenne,5,69.63358426280831,85.5483722788747,-0.002943649379402835,591,147,0,70.76883798431636,{}
tensile_strength,Ridge,1,34.358149381358906,45.36811561104353,0.65725582860896,590,148,0,34.72660218720832,"{""alpha"": 10}"
tensile_strength,Ridge,2,31.69860868440811,43.86537651932976,0.7463135151758924,590,148,0,36.61498889419123,"{""alpha"": 10}"
tensile_strength,Ridge,3,31.900076039079995,43.03666215457022,0.7429630033011414,590,148,0,34.78141501099929,"{""alpha"": 1}"
tensile_strength,Ridge,4,36.25351591448978,60.07702930824552,0.670894246478728,591,147,0,32.55349450501287,"{""alpha"": 10}"
tensile_strength,Ridge,5,33.290216068550244,44.86292313568377,0.7241784679338978,591,147,0,34.30191555098053,"{""alpha"": 1}"
tensile_strength,kNN,1,34.04604440804608,48.17042960684726,0.6136066572877796,590,148,0,33.61953797833538,"{""n_neighbors"": 5, ""weights"": ""distance""}"
tensile_strength,kNN,2,26.15688325782323,37.16134418801057,0.8179308195554607,590,148,0,35.13123465683264,"{""n_neighbors"": 5, ""weights"": ""distance""}"
tensile_strength,kNN,3,29.57878645176396,40.902377952481324,0.7678249267347239,590,148,0,35.70040704811414,"{""n_neighbors"": 5, ""weights"": ""distance""}"
tensile_strength,kNN,4,31.47290147120209,59.62093762093793,0.6758722764456777,591,147,0,34.908489037082674,"{""n_neighbors"": 5, ""weights"": ""distance""}"
tensile_strength,kNN,5,30.352573187372627,41.59298143948808,0.7629209731065056,591,147,0,35.46555674423689,"{""n_neighbors"": 5, ""weights"": ""distance""}"
tensile_strength,SVR RBF,1,20.96934047632861,32.198292011757985,0.8273628469105332,590,148,0,22.587364023624556,"{""C"": 100, ""epsilon"": 0.1, ""gamma"": ""scale""}"
tensile_strength,SVR RBF,2,18.437218742568344,26.053550489549604,0.9105073353386607,590,148,0,22.085163943711915,"{""C"": 100, ""epsilon"": 0.1, ""gamma"": 0.01}"
tensile_strength,SVR RBF,3,18.621242358733046,28.393251931278975,0.8881209556035808,590,148,0,23.14781459697899,"{""C"": 100, ""epsilon"": 0.1, ""gamma"": 0.01}"
tensile_strength,SVR RBF,4,22.424149251138864,40.04480000305957,0.8537786350040044,591,147,0,20.66297101059682,"{""C"": 100, ""epsilon"": 0.1, ""gamma"": 0.01}"
tensile_strength,SVR RBF,5,19.9606072082935,30.90192041917018,0.8691348609525116,591,147,0,20.457745101805344,"{""C"": 100, ""epsilon"": 0.1, ""gamma"": ""scale""}"
tensile_strength,Arbre,1,41.60279279279279,59.001121093079576,0.42031892276444305,590,148,0,42.87639721963236,"{""max_depth"": null, ""min_samples_leaf"": 3}"
tensile_strength,Arbre,2,38.134234234234235,54.888497950000485,0.6027935425149493,590,148,0,40.05147117476432,"{""max_depth"": null, ""min_samples_leaf"": 3}"
tensile_strength,Arbre,3,37.622635135135134,51.23975805080568,0.6356383860251631,590,148,0,43.88536901308746,"{""max_depth"": null, ""min_samples_leaf"": 3}"
tensile_strength,Arbre,4,42.154230644638815,60.192407367452944,0.6696289360662482,591,147,0,41.270511642897425,"{""max_depth"": null, ""min_samples_leaf"": 3}"
tensile_strength,Arbre,5,41.24983399694616,57.769118994844355,0.5426543841805171,591,147,0,40.978930748765315,"{""max_depth"": 10, ""min_samples_leaf"": 3}"
tensile_strength,Forêt,1,28.975623692889318,39.68635149654143,0.7377285935681469,590,148,0,30.7737239498546,"{""max_depth"": null, ""min_samples_leaf"": 1, ""max_features"": 0.7}"
tensile_strength,Forêt,2,25.102297282531648,33.92413638427096,0.848270086992691,590,148,0,30.36472639037738,"{""max_depth"": null, ""min_samples_leaf"": 1, ""max_features"": 0.7}"
tensile_strength,Forêt,3,23.510687372640493,31.920264478695827,0.858599339350889,590,148,0,31.49395092696479,"{""max_depth"": null, ""min_samples_leaf"": 1, ""max_features"": 0.7}"
tensile_strength,Forêt,4,31.60212784121584,52.599606906910154,0.7477195639950319,591,147,0,30.015928401888107,"{""max_depth"": null, ""min_samples_leaf"": 1, ""max_features"": 0.7}"
tensile_strength,Forêt,5,28.33347818564656,38.41945527978699,0.7977188390547117,591,147,0,30.130453390641364,"{""max_depth"": null, ""min_samples_leaf"": 1, ""max_features"": 0.7}"
tensile_strength,XGBoost,1,23.43933291048617,32.70783688284184,0.8218555722229335,590,148,0,27.58347296540079,"{""max_depth"": 4, ""learning_rate"": 0.1, ""reg_lambda"": 1.0}"
tensile_strength,XGBoost,2,23.454909824680637,33.01592610369398,0.8562855042419876,590,148,0,26.734839722573327,"{""max_depth"": 4, ""learning_rate"": 0.1, ""reg_lambda"": 1.0}"
tensile_strength,XGBoost,3,21.614726710963893,31.765943571637493,0.8599632585256102,590,148,0,28.52950624114032,"{""max_depth"": 4, ""learning_rate"": 0.1, ""reg_lambda"": 1.0}"
tensile_strength,XGBoost,4,26.945415055670704,46.42206480116676,0.8034977702555812,591,147,0,26.974132237055176,"{""max_depth"": 4, ""learning_rate"": 0.1, ""reg_lambda"": 1.0}"
tensile_strength,XGBoost,5,23.76627085160236,31.980741404244696,0.8598380642480616,591,147,0,26.224350486794105,"{""max_depth"": 4, ""learning_rate"": 0.1, ""reg_lambda"": 1.0}"
tensile_strength,RFF supervisé,1,34.652655490783694,46.794331705920335,0.635367735479561,590,148,0,38.06621494459449,"{""alpha"": 0.001, ""gamma_factor"": 1.0, ""beta"": 0.0}"
tensile_strength,RFF supervisé,2,32.900234456398174,47.747467472932044,0.6994240067826754,590,148,0,37.9453804737577,"{""alpha"": 0.001, ""gamma_factor"": 1.0, ""beta"": 0.0}"
tensile_strength,RFF supervisé,3,33.17659609494191,44.622612059726734,0.7236697346277674,590,148,0,36.078213577699614,"{""alpha"": 0.001, ""gamma_factor"": 1.0, ""beta"": 0.0}"
tensile_strength,RFF supervisé,4,41.572432104840836,71.37503153334752,0.535472743073923,591,147,0,34.620494226431795,"{""alpha"": 0.001, ""gamma_factor"": 1.0, ""beta"": 0.0}"
tensile_strength,RFF supervisé,5,34.60597277802608,47.4192879978237,0.6918493494591609,591,147,0,37.62264145696907,"{""alpha"": 0.001, ""gamma_factor"": 1.0, ""beta"": 0.0}"
tensile_strength,RFF graphe,1,34.76653484928482,46.88827136556782,0.6339022668438982,590,148,730,38.16028823913813,"{""alpha"": 0.001, ""gamma_factor"": 1.0, ""beta"": 0.1}"
tensile_strength,RFF graphe,2,32.99729200851807,47.81923495962117,0.6985197579725364,590,148,783,38.05326945056899,"{""alpha"": 0.001, ""gamma_factor"": 1.0, ""beta"": 0.1}"
tensile_strength,RFF graphe,3,33.27771608408218,44.7403931426156,0.7222090657206635,590,148,781,36.202615125301634,"{""alpha"": 0.001, ""gamma_factor"": 1.0, ""beta"": 0.1}"
tensile_strength,RFF graphe,4,41.64235981310517,71.32199581160711,0.5361628271168472,591,147,811,34.739635450477714,"{""alpha"": 0.001, ""gamma_factor"": 1.0, ""beta"": 0.1}"
tensile_strength,RFF graphe,5,34.73877704288192,47.58919562994133,0.6896371295039595,591,147,785,37.71647558103703,"{""alpha"": 0.001, ""gamma_factor"": 1.0, ""beta"": 0.1}"
elongation,Moyenne,1,4.214252551020408,5.064465293133831,-0.0005336678677780871,560,140,0,4.006332276476143,{}
elongation,Moyenne,2,4.437755102040817,5.208521471431921,-0.005932804481325382,560,140,0,3.9438248775251687,{}
elongation,Moyenne,3,3.9415000000000004,4.823577417969246,-0.0032185767256553977,560,140,0,4.0688887902276445,{}
elongation,Moyenne,4,3.967295918367347,4.8115975035027905,-0.0385300108190314,560,140,0,4.066180983569358,{}
elongation,Moyenne,5,3.672234693877551,4.570738539579121,-0.0008940507382124707,560,140,0,4.138427719513689,{}
elongation,Ridge,1,2.347928110731718,3.6014356330322843,0.4940404203209934,560,140,0,2.404719147492399,"{""alpha"": 1}"
elongation,Ridge,2,2.757550711406622,3.5940658860110224,0.521025798500301,560,140,0,2.391355018168047,"{""alpha"": 10}"
elongation,Ridge,3,2.282795802259578,3.017576671152725,0.6073788543852496,560,140,0,2.3713816145919147,"{""alpha"": 10}"
elongation,Ridge,4,2.209185734872971,2.9424228622397415,0.6116255583351358,560,140,0,2.453983873736899,"{""alpha"": 10}"
elongation,Ridge,5,2.135493596445426,2.7627653238739884,0.634318202806506,560,140,0,2.4669999453023,"{""alpha"": 10}"
elongation,kNN,1,2.3287397561318577,3.2191199999921047,0.5957604132267329,560,140,0,2.359651622187276,"{""n_neighbors"": 5, ""weights"": ""distance""}"
elongation,kNN,2,2.4440839788538358,3.4806017954589583,0.550790705816022,560,140,0,2.268430165120902,"{""n_neighbors"": 5, ""weights"": ""distance""}"
elongation,kNN,3,1.9262718999831314,2.5471743017579898,0.7202472348672386,560,140,0,2.4350237006601994,"{""n_neighbors"": 5, ""weights"": ""distance""}"
elongation,kNN,4,2.181615549836927,2.839763424226997,0.6382531219621991,560,140,0,2.4215607416027494,"{""n_neighbors"": 5, ""weights"": ""distance""}"
elongation,kNN,5,2.005330585177535,2.637819016889815,0.6666462541315179,560,140,0,2.4104905472112015,"{""n_neighbors"": 5, ""weights"": ""distance""}"
elongation,SVR RBF,1,1.8947644052662858,2.6460937803373206,0.7268664982824586,560,140,0,1.979537457686366,"{""C"": 10, ""epsilon"": 0.1, ""gamma"": ""scale""}"
elongation,SVR RBF,2,2.0851802612483175,3.1202688325269414,0.6389859703743342,560,140,0,1.9755040429348287,"{""C"": 10, ""epsilon"": 0.1, ""gamma"": ""scale""}"
elongation,SVR RBF,3,1.736042218232614,2.4992571983079004,0.7306735776466184,560,140,0,1.9789019723928885,"{""C"": 10, ""epsilon"": 0.1, ""gamma"": ""scale""}"
elongation,SVR RBF,4,1.764314013049004,2.6059777420088217,0.6953635447163209,560,140,0,2.0103620732202057,"{""C"": 10, ""epsilon"": 0.1, ""gamma"": ""scale""}"
elongation,SVR RBF,5,1.936826297364653,2.584996322761943,0.6798634878203026,560,140,0,1.9919256541555912,"{""C"": 10, ""epsilon"": 0.1, ""gamma"": 0.01}"
elongation,Arbre,1,3.169464285714286,4.4166215563734035,0.23906968884123947,560,140,0,2.840655128131409,"{""max_depth"": null, ""min_samples_leaf"": 3}"
elongation,Arbre,2,3.1549569697158706,4.083174635685054,0.3817900889250305,560,140,0,2.7365841098306145,"{""max_depth"": null, ""min_samples_leaf"": 10}"
elongation,Arbre,3,2.367854311728372,3.188275252876179,0.5617028211416915,560,140,0,2.747520003355904,"{""max_depth"": null, ""min_samples_leaf"": 10}"
elongation,Arbre,4,2.5738198981101457,3.2638799086878607,0.522131051756241,560,140,0,2.7111424271046345,"{""max_depth"": 10, ""min_samples_leaf"": 10}"
elongation,Arbre,5,2.402286161754912,3.1711913427226763,0.5182072680388906,560,140,0,2.792611317480386,"{""max_depth"": 10, ""min_samples_leaf"": 3}"
elongation,Forêt,1,2.0054448554421778,2.7651169370692403,0.7017424037279428,560,140,0,2.1176303311789852,"{""max_depth"": null, ""min_samples_leaf"": 1, ""max_features"": 0.7}"
elongation,Forêt,2,2.1929602997448976,2.985964593132157,0.6693950431112039,560,140,0,2.1062955965581085,"{""max_depth"": null, ""min_samples_leaf"": 1, ""max_features"": 0.7}"
elongation,Forêt,3,1.793891772959184,2.379979304066874,0.7557675197474936,560,140,0,2.014073965361234,"{""max_depth"": null, ""min_samples_leaf"": 1, ""max_features"": 0.7}"
elongation,Forêt,4,1.820862032312926,2.524420676636193,0.7141330641250625,560,140,0,2.0655081407563025,"{""max_depth"": null, ""min_samples_leaf"": 1, ""max_features"": 0.7}"
elongation,Forêt,5,1.91930677614796,2.668362315345314,0.6588817562979289,560,140,0,2.11092777740984,"{""max_depth"": null, ""min_samples_leaf"": 1, ""max_features"": 0.7}"
elongation,XGBoost,1,1.9405755288260325,2.743113401418748,0.7064703123357945,560,140,0,2.1552259983527544,"{""max_depth"": 4, ""learning_rate"": 0.1, ""reg_lambda"": 1.0}"
elongation,XGBoost,2,2.24627730505807,3.1281433889066625,0.6371615041683911,560,140,0,2.108682898805352,"{""max_depth"": 4, ""learning_rate"": 0.1, ""reg_lambda"": 1.0}"
elongation,XGBoost,3,1.941014333452497,2.4953095371960807,0.7315237260483319,560,140,0,2.001248287550936,"{""max_depth"": 4, ""learning_rate"": 0.1, ""reg_lambda"": 1.0}"
elongation,XGBoost,4,1.7902249363490514,2.5812792359446,0.7011106468843075,560,140,0,2.089860225744245,"{""max_depth"": 4, ""learning_rate"": 0.1, ""reg_lambda"": 1.0}"
elongation,XGBoost,5,1.924438408442906,2.5352998270294744,0.6920543998297883,560,140,0,2.0765706963968955,"{""max_depth"": 4, ""learning_rate"": 0.1, ""reg_lambda"": 1.0}"
elongation,RFF supervisé,1,2.6258553255851464,3.4478384808140063,0.5362773237804528,560,140,0,2.480823133571914,"{""alpha"": 0.001, ""gamma_factor"": 1.0, ""beta"": 0.0}"
elongation,RFF supervisé,2,2.9278205583008297,3.7110984301174397,0.4893245264914582,560,140,0,2.471189452308988,"{""alpha"": 0.001, ""gamma_factor"": 1.0, ""beta"": 0.0}"
elongation,RFF supervisé,3,2.410593690347641,3.0966459479020885,0.5865336540893998,560,140,0,2.6019762873809253,"{""alpha"": 0.001, ""gamma_factor"": 1.0, ""beta"": 0.0}"
elongation,RFF supervisé,4,2.4072582557446345,3.0865986547662776,0.5726331867561393,560,140,0,2.4954937545613713,"{""alpha"": 0.001, ""gamma_factor"": 1.0, ""beta"": 0.0}"
elongation,RFF supervisé,5,2.554810556441277,3.297606238105254,0.479029728193598,560,140,0,2.5447319828763266,"{""alpha"": 0.001, ""gamma_factor"": 1.0, ""beta"": 0.0}"
elongation,RFF graphe,1,2.6284049627275716,3.4501029343362335,0.535668000991179,560,140,824,2.4837235763551138,"{""alpha"": 0.001, ""gamma_factor"": 1.0, ""beta"": 0.1}"
elongation,RFF graphe,2,2.932071388313833,3.714337422613581,0.48843271729607185,560,140,808,2.4723931055203034,"{""alpha"": 0.001, ""gamma_factor"": 1.0, ""beta"": 0.1}"
elongation,RFF graphe,3,2.414156421363017,3.1002552897466025,0.585569248652622,560,140,834,2.6033425600087017,"{""alpha"": 0.001, ""gamma_factor"": 1.0, ""beta"": 0.1}"
elongation,RFF graphe,4,2.4101977571460735,3.0875534980986328,0.5723687328922041,560,140,810,2.4987138030231253,"{""alpha"": 0.001, ""gamma_factor"": 1.0, ""beta"": 0.1}"
elongation,RFF graphe,5,2.5473677016586542,3.2883597342660567,0.4819472384176864,560,140,835,2.548535807045535,"{""alpha"": 0.001, ""gamma_factor"": 1.0, ""beta"": 0.1}"
reduction_area,Moyenne,1,8.376378200291734,11.911528549263124,-0.07742343084236558,564,141,0,6.129674060660932,{}
reduction_area,Moyenne,2,6.299534731653338,8.355882100700127,-0.004250534617423307,564,141,0,6.855889731401842,{}
reduction_area,Moyenne,3,6.2620202706101304,7.348480678516551,-0.01949359767586234,564,141,0,6.893517051456165,{}
reduction_area,Moyenne,4,6.557537347215936,8.585389333896675,-0.005483930693483741,564,141,0,6.78381903576279,{}
reduction_area,Moyenne,5,6.2319148936170246,7.942912447964436,-0.01608248575508142,564,141,0,6.888023426889997,{}
reduction_area,Ridge,1,4.048135179063646,6.980039895168523,0.6300293830685144,564,141,0,2.8371377881118183,"{""alpha"": 10}"
reduction_area,Ridge,2,3.274942568471823,4.891404755565657,0.6558683099260203,564,141,0,3.283416117681531,"{""alpha"": 10}"
reduction_area,Ridge,3,2.800819515996364,3.872962385316496,0.7168112818058872,564,141,0,3.4482805526814495,"{""alpha"": 10}"
reduction_area,Ridge,4,2.9564267358115015,5.062008111003033,0.6504568315326315,564,141,0,3.2873751074440563,"{""alpha"": 10}"
reduction_area,Ridge,5,2.7029372630060213,3.553957800843421,0.7965798604089211,564,141,0,3.3878270765414733,"{""alpha"": 10}"
reduction_area,kNN,1,3.6839145480441746,7.302398623472406,0.5950676283941023,564,141,0,2.558245168913878,"{""n_neighbors"": 5, ""weights"": ""distance""}"
reduction_area,kNN,2,2.664189024556974,4.132072258963138,0.7544198390826532,564,141,0,3.0755770800023328,"{""n_neighbors"": 5, ""weights"": ""distance""}"
reduction_area,kNN,3,2.578272498160642,3.887255492630887,0.7147172177667694,564,141,0,3.105630677270106,"{""n_neighbors"": 5, ""weights"": ""distance""}"
reduction_area,kNN,4,2.553115960608678,5.0674194563617245,0.6497091006803994,564,141,0,3.045614553752316,"{""n_neighbors"": 5, ""weights"": ""distance""}"
reduction_area,kNN,5,2.372807886355666,4.01936153212849,0.7398142196043521,564,141,0,3.079744514514291,"{""n_neighbors"": 5, ""weights"": ""distance""}"
reduction_area,SVR RBF,1,3.369254220195563,6.780305539189422,0.6508999157596737,564,141,0,2.433802315222695,"{""C"": 10, ""epsilon"": 0.1, ""gamma"": 0.01}"
reduction_area,SVR RBF,2,2.5968108628870645,4.1019067920369565,0.7579923805155278,564,141,0,2.768762013424197,"{""C"": 10, ""epsilon"": 0.1, ""gamma"": 0.01}"
reduction_area,SVR RBF,3,2.1674516236225227,3.3717316819112235,0.7853675401103739,564,141,0,2.797115621530002,"{""C"": 10, ""epsilon"": 0.1, ""gamma"": ""scale""}"
reduction_area,SVR RBF,4,2.150738734834767,4.686428867974062,0.70040179685672,564,141,0,2.7848341709326268,"{""C"": 10, ""epsilon"": 0.1, ""gamma"": ""scale""}"
reduction_area,SVR RBF,5,2.160904214437097,4.039841035378662,0.7371560609134515,564,141,0,2.877548591574841,"{""C"": 10, ""epsilon"": 0.1, ""gamma"": ""scale""}"
reduction_area,Arbre,1,4.730744680851064,8.704423833151708,0.42465084075325943,564,141,0,3.2089420803782502,"{""max_depth"": null, ""min_samples_leaf"": 3}"
reduction_area,Arbre,2,3.0980251446549736,4.671808117174117,0.6860738757226921,564,141,0,3.907959400201292,"{""max_depth"": 10, ""min_samples_leaf"": 3}"
reduction_area,Arbre,3,3.147829896523954,4.874020679650904,0.5514982679727864,564,141,0,4.0693803091894285,"{""max_depth"": 10, ""min_samples_leaf"": 3}"
reduction_area,Arbre,4,3.681623805550589,6.600867005137989,0.4056296857917425,564,141,0,3.685181615014809,"{""max_depth"": 10, ""min_samples_leaf"": 3}"
reduction_area,Arbre,5,3.2560659045227065,6.166515984922837,0.3875803206958446,564,141,0,3.775272685639164,"{""max_depth"": 10, ""min_samples_leaf"": 3}"
reduction_area,Forêt,1,3.597010933806145,7.338113540015968,0.5910970174675377,564,141,0,2.526762799202127,"{""max_depth"": null, ""min_samples_leaf"": 1, ""max_features"": 0.7}"
reduction_area,Forêt,2,2.636368731003039,3.9085042777425554,0.7802754176246186,564,141,0,2.947299667817038,"{""max_depth"": null, ""min_samples_leaf"": 1, ""max_features"": 0.7}"
reduction_area,Forêt,3,2.0336705821513013,3.3886618171838756,0.7832067041775668,564,141,0,3.0514991372213784,"{""max_depth"": null, ""min_samples_leaf"": 1, ""max_features"": 0.7}"
reduction_area,Forêt,4,2.639550510807159,5.026292806469603,0.6553718768997179,564,141,0,2.916650374134583,"{""max_depth"": null, ""min_samples_leaf"": 1, ""max_features"": 0.7}"
reduction_area,Forêt,5,2.293758979581786,3.7861449148714703,0.7691319261180323,564,141,0,2.963606988506839,"{""max_depth"": null, ""min_samples_leaf"": 1, ""max_features"": 0.7}"
reduction_area,XGBoost,1,3.4818445029833636,7.069666906830266,0.6204671879427461,564,141,0,2.570726772064859,"{""max_depth"": 4, ""learning_rate"": 0.1, ""reg_lambda"": 1.0}"
reduction_area,XGBoost,2,2.7581226592368266,4.181835350666967,0.7484691122701813,564,141,0,2.976396264421179,"{""max_depth"": 4, ""learning_rate"": 0.1, ""reg_lambda"": 1.0}"
reduction_area,XGBoost,3,2.2732634145317347,3.5342839379523494,0.7641736856713123,564,141,0,3.1800584996000247,"{""max_depth"": 4, ""learning_rate"": 0.1, ""reg_lambda"": 1.0}"
reduction_area,XGBoost,4,2.7883693559795404,5.045412004514073,0.6527450720725965,564,141,0,2.999157129111865,"{""max_depth"": 4, ""learning_rate"": 0.1, ""reg_lambda"": 1.0}"
reduction_area,XGBoost,5,2.4848015264416414,4.300646222411744,0.7021230824324538,564,141,0,3.125331493134194,"{""max_depth"": 4, ""learning_rate"": 0.05, ""reg_lambda"": 1.0}"
reduction_area,RFF supervisé,1,4.5837631157906715,7.916570516479432,0.5240891642205384,564,141,0,3.1026191330625026,"{""alpha"": 0.001, ""gamma_factor"": 1.0, ""beta"": 0.0}"
reduction_area,RFF supervisé,2,3.78756081311806,5.7190854138634055,0.5295530796118448,564,141,0,3.545761211718196,"{""alpha"": 0.001, ""gamma_factor"": 0.1, ""beta"": 0.0}"
reduction_area,RFF supervisé,3,2.827729935229013,3.7077420964350596,0.7404575348970304,564,141,0,3.730605358413371,"{""alpha"": 0.001, ""gamma_factor"": 0.1, ""beta"": 0.0}"
reduction_area,RFF supervisé,4,3.3349672830660135,5.463195882023768,0.5928553898359574,564,141,0,3.5285668005707786,"{""alpha"": 0.001, ""gamma_factor"": 1.0, ""beta"": 0.0}"
reduction_area,RFF supervisé,5,3.0544242367784253,4.740115064988294,0.6381344974169112,564,141,0,3.5414005453545783,"{""alpha"": 0.001, ""gamma_factor"": 1.0, ""beta"": 0.0}"
reduction_area,RFF graphe,1,4.5857887410819815,7.913479841192894,0.524460688413867,564,141,829,3.094545087677295,"{""alpha"": 0.001, ""gamma_factor"": 1.0, ""beta"": 1.0}"
reduction_area,RFF graphe,2,3.7876086967602958,5.71752095213246,0.529810426891654,564,141,851,3.546164504767622,"{""alpha"": 0.001, ""gamma_factor"": 0.1, ""beta"": 0.1}"
reduction_area,RFF graphe,3,2.8907226333694838,4.046922915824192,0.6908001646616126,564,141,818,3.725415734528134,"{""alpha"": 0.001, ""gamma_factor"": 1.0, ""beta"": 1.0}"
reduction_area,RFF graphe,4,3.332510534676265,5.48288701543084,0.5899151375751748,564,141,795,3.517712105413923,"{""alpha"": 0.001, ""gamma_factor"": 1.0, ""beta"": 1.0}"
reduction_area,RFF graphe,5,3.0531006195640242,4.7419595857575425,0.6378528172078793,564,141,812,3.5407419210771827,"{""alpha"": 0.001, ""gamma_factor"": 1.0, ""beta"": 0.1}"
charpy_energy,Moyenne,1,41.405890340100854,53.42141411943997,-0.04217301888859737,703,176,0,38.857383470768674,{}
charpy_energy,Moyenne,2,40.849096405017455,52.36171088997605,-0.0038821144523479845,703,176,0,38.203091936467615,{}
charpy_energy,Moyenne,3,38.24839971550498,48.539493306771945,-0.03179265699077005,703,176,0,38.506683750602456,{}
charpy_energy,Moyenne,4,36.16628410707358,47.6731889630992,-6.318185317133462e-05,703,176,0,39.54066991310561,{}
charpy_energy,Moyenne,5,37.96268668831169,48.90211741894877,-0.0008381775122443536,704,175,0,39.228843959869685,{}
charpy_energy,Ridge,1,30.602406379728965,41.09757407125455,0.383204155595945,703,176,0,28.86135028171752,"{""alpha"": 100}"
charpy_energy,Ridge,2,29.47295643233628,37.28914362421407,0.4908803270862152,703,176,0,29.6319548557767,"{""alpha"": 10}"
charpy_energy,Ridge,3,31.990153265404686,39.40469497325926,0.32001724954408606,703,176,0,27.022584222069593,"{""alpha"": 1}"
charpy_energy,Ridge,4,24.066716004268642,30.98500119866111,0.5775434328837512,703,176,0,32.83618539732141,"{""alpha"": 100}"
charpy_energy,Ridge,5,45.701719653226704,98.8669425193808,-3.0908235048245993,704,175,0,26.918550096914704,"{""alpha"": 1}"
charpy_energy,kNN,1,25.212032940535764,40.3418934006583,0.40567825534446367,703,176,0,22.7334023702137,"{""n_neighbors"": 5, ""weights"": ""distance""}"
charpy_energy,kNN,2,26.712855448164905,42.34360954662082,0.34350592242943456,703,176,0,23.49864807883409,"{""n_neighbors"": 5, ""weights"": ""distance""}"
charpy_energy,kNN,3,23.990746741794734,34.99457350687626,0.46370547206911994,703,176,0,21.368776713664897,"{""n_neighbors"": 5, ""weights"": ""distance""}"
charpy_energy,kNN,4,17.122648579329027,28.42779885068584,0.6443969324614864,703,176,0,24.771911031078265,"{""n_neighbors"": 5, ""weights"": ""distance""}"
charpy_energy,kNN,5,18.667161205679356,26.54378843829742,0.7051274471627547,704,175,0,22.603009740690936,"{""n_neighbors"": 5, ""weights"": ""distance""}"
charpy_energy,SVR RBF,1,25.30873470656845,38.298357641695766,0.46436448356096083,703,176,0,22.05003777036967,"{""C"": 10, ""epsilon"": 0.1, ""gamma"": ""scale""}"
charpy_energy,SVR RBF,2,25.131476829338226,37.499448719473214,0.4851214181154848,703,176,0,23.413147590107098,"{""C"": 10, ""epsilon"": 0.1, ""gamma"": ""scale""}"
charpy_energy,SVR RBF,3,24.600926323823487,34.95104022803372,0.4650389438195164,703,176,0,20.76980707272887,"{""C"": 10, ""epsilon"": 0.1, ""gamma"": ""scale""}"
charpy_energy,SVR RBF,4,20.779471198378744,30.738279661010793,0.5842443631238907,703,176,0,24.202637406176752,"{""C"": 10, ""epsilon"": 0.1, ""gamma"": ""scale""}"
charpy_energy,SVR RBF,5,19.04930938061398,24.70136301171843,0.7446414689251195,704,175,0,22.398700641817268,"{""C"": 10, ""epsilon"": 0.1, ""gamma"": ""scale""}"
charpy_energy,Arbre,1,25.59937876318477,45.671986680383526,0.2382562984242359,703,176,0,20.293694827631,"{""max_depth"": 10, ""min_samples_leaf"": 3}"
charpy_energy,Arbre,2,22.955587121212126,39.0992032819769,0.44025415854857686,703,176,0,23.775596573114303,"{""max_depth"": null, ""min_samples_leaf"": 3}"
charpy_energy,Arbre,3,18.84762486288222,33.301747701106244,0.5143358929495041,703,176,0,21.087906283712552,"{""max_depth"": 10, ""min_samples_leaf"": 3}"
charpy_energy,Arbre,4,23.26136363636364,40.02293782818785,0.2951495853397367,703,176,0,25.82819977369623,"{""max_depth"": null, ""min_samples_leaf"": 3}"
charpy_energy,Arbre,5,23.3311764468025,36.76859745531585,0.4342003648336432,704,175,0,23.22117027757339,"{""max_depth"": 10, ""min_samples_leaf"": 10}"
charpy_energy,Forêt,1,24.503223235264116,39.47267637176867,0.43101317132217065,703,176,0,17.92569747576082,"{""max_depth"": 12, ""min_samples_leaf"": 1, ""max_features"": 0.7}"
charpy_energy,Forêt,2,19.068791965413066,29.923303574931374,0.6721507934151899,703,176,0,19.883162816609996,"{""max_depth"": null, ""min_samples_leaf"": 1, ""max_features"": 0.7}"
charpy_energy,Forêt,3,19.367612297641596,30.29346821223349,0.5981167086700119,703,176,0,18.910032152130118,"{""max_depth"": null, ""min_samples_leaf"": 1, ""max_features"": 0.7}"
charpy_energy,Forêt,4,13.682243613591277,21.80161644783008,0.7908506973551942,703,176,0,22.621350398665555,"{""max_depth"": null, ""min_samples_leaf"": 1, ""max_features"": 0.7}"
charpy_energy,Forêt,5,14.67607994431462,23.865361981143554,0.7616338471644846,704,175,0,19.89260205525611,"{""max_depth"": 12, ""min_samples_leaf"": 1, ""max_features"": 0.7}"
charpy_energy,XGBoost,1,23.156604051589966,35.509786564019585,0.539525919700319,703,176,0,18.69743727608696,"{""max_depth"": 4, ""learning_rate"": 0.1, ""reg_lambda"": 1.0}"
charpy_energy,XGBoost,2,20.236269517378375,30.170525303978188,0.6667111356709516,703,176,0,20.679475854088725,"{""max_depth"": 4, ""learning_rate"": 0.1, ""reg_lambda"": 1.0}"
charpy_energy,XGBoost,3,19.29070637442849,29.65870680866562,0.6147821727212877,703,176,0,21.612751219701412,"{""max_depth"": 4, ""learning_rate"": 0.1, ""reg_lambda"": 1.0}"
charpy_energy,XGBoost,4,16.55442010272633,26.158975349817716,0.6988932521000275,703,176,0,24.089825807395556,"{""max_depth"": 4, ""learning_rate"": 0.1, ""reg_lambda"": 1.0}"
charpy_energy,XGBoost,5,16.225000435965402,24.355712684658133,0.7517380172352504,704,175,0,20.83644201775034,"{""max_depth"": 4, ""learning_rate"": 0.1, ""reg_lambda"": 1.0}"
charpy_energy,RFF supervisé,1,25.526382913767574,32.314662705461544,0.6186635496153952,703,176,0,26.326718716596186,"{""alpha"": 0.001, ""gamma_factor"": 1.0, ""beta"": 0.0}"
charpy_energy,RFF supervisé,2,28.603597664517928,36.87887303832727,0.50202178712907,703,176,0,27.733754208669918,"{""alpha"": 0.001, ""gamma_factor"": 1.0, ""beta"": 0.0}"
charpy_energy,RFF supervisé,3,29.60498202791861,36.504513582913354,0.4164271380551463,703,176,0,26.175466818726093,"{""alpha"": 0.001, ""gamma_factor"": 1.0, ""beta"": 0.0}"
charpy_energy,RFF supervisé,4,23.741145381171428,31.9873521861892,0.549768771201781,703,176,0,29.09849578559421,"{""alpha"": 0.001, ""gamma_factor"": 1.0, ""beta"": 0.0}"
charpy_energy,RFF supervisé,5,24.647014052873036,30.622257592277712,0.6075512536975102,704,175,0,26.391247826782287,"{""alpha"": 0.001, ""gamma_factor"": 1.0, ""beta"": 0.0}"
charpy_energy,RFF graphe,1,25.54104844733199,32.33776034544936,0.6181182169919553,703,176,0,26.38893204772585,"{""alpha"": 0.001, ""gamma_factor"": 1.0, ""beta"": 0.1}"
charpy_energy,RFF graphe,2,28.689365703950838,37.00274636230151,0.4986708270234892,703,176,0,27.777800693961638,"{""alpha"": 0.001, ""gamma_factor"": 1.0, ""beta"": 0.1}"
charpy_energy,RFF graphe,3,29.710100933990073,36.565608305696536,0.4144721437975142,703,176,0,26.253694580761792,"{""alpha"": 0.001, ""gamma_factor"": 1.0, ""beta"": 0.1}"
charpy_energy,RFF graphe,4,23.782288132849168,32.05626636721077,0.547826707404022,703,176,0,29.13530423303023,"{""alpha"": 0.001, ""gamma_factor"": 1.0, ""beta"": 0.1}"
charpy_energy,RFF graphe,5,24.737820484831822,30.731052546835937,0.6047577111579587,704,175,0,26.48708380114013,"{""alpha"": 0.001, ""gamma_factor"": 1.0, ""beta"": 0.1}"
temperature_100J,Moyenne,1,18.690532081377153,23.189568062340868,-0.014115868937300213,284,72,0,20.07570186301056,{}
temperature_100J,Moyenne,2,19.53387694588584,26.841855884989787,-0.013145357891415133,285,71,0,19.790433979686057,{}
temperature_100J,Moyenne,3,17.01260192735359,22.01924108217629,-0.0035284519389024993,285,71,0,20.480590951061867,{}
temperature_100J,Moyenne,4,19.5223128243143,25.999510624050252,-0.003575883730974949,285,71,0,19.844136657433058,{}
temperature_100J,Moyenne,5,23.78799110452187,30.8604448366952,-0.006955594470691606,285,71,0,18.599519852262233,{}
temperature_100J,Ridge,1,15.493084281562428,22.1600198409531,0.07393269913688427,284,72,0,15.558530423946324,"{""alpha"": 10}"
temperature_100J,Ridge,2,17.840686334723557,23.825495774500325,0.20176535849875843,285,71,0,15.509394618018959,"{""alpha"": 10}"
temperature_100J,Ridge,3,11.822868795792772,15.150635928801588,0.5248981499776644,285,71,0,16.817322120524633,"{""alpha"": 10}"
temperature_100J,Ridge,4,14.570920355731271,18.64074135463853,0.4841229228734819,285,71,0,16.116821676171536,"{""alpha"": 10}"
temperature_100J,Ridge,5,19.78450721791221,24.880586966449798,0.34547355404785596,285,71,0,15.817158952672317,"{""alpha"": 10}"
temperature_100J,kNN,1,12.016724600537536,19.747903780991617,0.26456505010495635,284,72,0,15.137204745335643,"{""n_neighbors"": 5, ""weights"": ""distance""}"
temperature_100J,kNN,2,14.14538338744499,20.836023489292046,0.3895130917623848,285,71,0,13.588102209157432,"{""n_neighbors"": 5, ""weights"": ""distance""}"
temperature_100J,kNN,3,11.285489386407173,15.317766938168633,0.5143583656865414,285,71,0,15.084542760618403,"{""n_neighbors"": 5, ""weights"": ""distance""}"
temperature_100J,kNN,4,13.57574351759372,18.94001673447823,0.46742523276719095,285,71,0,14.196381336729203,"{""n_neighbors"": 5, ""weights"": ""distance""}"
temperature_100J,kNN,5,16.122456034232126,21.75090613767955,0.4997804469052407,285,71,0,13.693211617423996,"{""n_neighbors"": 5, ""weights"": ""distance""}"
temperature_100J,SVR RBF,1,11.916060489076017,19.233395124664863,0.302387638980429,284,72,0,13.508005822172407,"{""C"": 10, ""epsilon"": 0.1, ""gamma"": 0.01}"
temperature_100J,SVR RBF,2,12.449120254205795,20.36996965931998,0.4165180273415484,285,71,0,13.281464412643713,"{""C"": 10, ""epsilon"": 0.1, ""gamma"": ""scale""}"
temperature_100J,SVR RBF,3,10.703338235051282,14.548107209457903,0.5619355779267268,285,71,0,14.065880625900286,"{""C"": 10, ""epsilon"": 0.1, ""gamma"": 0.01}"
temperature_100J,SVR RBF,4,11.035421305088883,16.390112816696327,0.6011737313907889,285,71,0,14.045882587122835,"{""C"": 10, ""epsilon"": 0.1, ""gamma"": ""scale""}"
temperature_100J,SVR RBF,5,15.33919935238853,21.621852857865854,0.5056986797888079,285,71,0,11.626354841932802,"{""C"": 10, ""epsilon"": 0.1, ""gamma"": ""scale""}"
temperature_100J,Arbre,1,16.06786681682515,25.200095497271068,-0.19758578664345694,284,72,0,15.298679912821767,"{""max_depth"": 4, ""min_samples_leaf"": 3}"
temperature_100J,Arbre,2,14.827661581721236,21.114391120151,0.3730920135724475,285,71,0,16.05759815159644,"{""max_depth"": 10, ""min_samples_leaf"": 10}"
temperature_100J,Arbre,3,12.41946707633273,15.983237913173769,0.4712449536003275,285,71,0,16.40257592090359,"{""max_depth"": 4, ""min_samples_leaf"": 10}"
temperature_100J,Arbre,4,14.603522840230141,19.43878158818846,0.43900634450336173,285,71,0,15.944735704282422,"{""max_depth"": 4, ""min_samples_leaf"": 3}"
temperature_100J,Arbre,5,19.322270188446854,25.51756085540122,0.3115311842058891,285,71,0,15.997683514992895,"{""max_depth"": 4, ""min_samples_leaf"": 10}"
temperature_100J,Forêt,1,11.10737702546297,18.93234410877542,0.3240554997152397,284,72,0,14.625526969018289,"{""max_depth"": null, ""min_samples_leaf"": 1, ""max_features"": 0.7}"
temperature_100J,Forêt,2,13.859176936619722,20.68540973987748,0.398307034521058,285,71,0,13.467264985380119,"{""max_depth"": null, ""min_samples_leaf"": 1, ""max_features"": 0.7}"
temperature_100J,Forêt,3,9.048649110006481,12.197672364566317,0.6920509101866665,285,71,0,14.910818509819464,"{""max_depth"": 12, ""min_samples_leaf"": 1, ""max_features"": 0.7}"
temperature_100J,Forêt,4,13.634174631120056,19.52570383020251,0.4339780612512816,285,71,0,13.64723141186299,"{""max_depth"": null, ""min_samples_leaf"": 1, ""max_features"": 0.7}"
temperature_100J,Forêt,5,15.096554786866424,21.00821580166192,0.533357494520667,285,71,0,12.928701007330432,"{""max_depth"": 12, ""min_samples_leaf"": 1, ""max_features"": 0.7}"
temperature_100J,XGBoost,1,13.570379124747383,20.110429944985505,0.2373154110138629,284,72,0,14.501864180541743,"{""max_depth"": 4, ""learning_rate"": 0.1, ""reg_lambda"": 1.0}"
temperature_100J,XGBoost,2,13.349658992928518,20.487539297642005,0.4097632078938217,285,71,0,13.832489696301911,"{""max_depth"": 4, ""learning_rate"": 0.1, ""reg_lambda"": 1.0}"
temperature_100J,XGBoost,3,10.171503335657254,13.416765796618753,0.6274190250999013,285,71,0,15.541581792998732,"{""max_depth"": 4, ""learning_rate"": 0.05, ""reg_lambda"": 1.0}"
temperature_100J,XGBoost,4,13.283203823465696,19.245869073295683,0.4500858136268283,285,71,0,14.322224279035602,"{""max_depth"": 4, ""learning_rate"": 0.05, ""reg_lambda"": 1.0}"
temperature_100J,XGBoost,5,14.520549290616747,20.80367969276782,0.5423997297585572,285,71,0,13.661873827482523,"{""max_depth"": 4, ""learning_rate"": 0.1, ""reg_lambda"": 1.0}"
temperature_100J,RFF supervisé,1,14.133881415366446,20.394851618361074,0.2155895697293706,284,72,0,14.790364345716101,"{""alpha"": 0.001, ""gamma_factor"": 1.0, ""beta"": 0.0}"
temperature_100J,RFF supervisé,2,14.89082475778802,21.24235752376696,0.3654700782579643,285,71,0,14.699213337845208,"{""alpha"": 0.001, ""gamma_factor"": 1.0, ""beta"": 0.0}"
temperature_100J,RFF supervisé,3,12.06868359062528,15.325104587790987,0.5138929817084821,285,71,0,16.136322206866378,"{""alpha"": 0.001, ""gamma_factor"": 1.0, ""beta"": 0.0}"
temperature_100J,RFF supervisé,4,13.675505797301923,17.49062027476252,0.545817609326992,285,71,0,15.907613369513337,"{""alpha"": 0.001, ""gamma_factor"": 1.0, ""beta"": 0.0}"
temperature_100J,RFF supervisé,5,18.783014216023666,24.112857164392434,0.3852432550028517,285,71,0,14.106753542913092,"{""alpha"": 0.001, ""gamma_factor"": 1.0, ""beta"": 0.0}"
temperature_100J,RFF graphe,1,13.876709804839345,19.997963046240955,0.24582213303173284,284,72,1216,14.77199186371739,"{""alpha"": 0.001, ""gamma_factor"": 1.0, ""beta"": 1.0}"
temperature_100J,RFF graphe,2,14.893883005845913,21.253573725018928,0.3647998236286141,285,71,1220,14.696583403632792,"{""alpha"": 0.001, ""gamma_factor"": 1.0, ""beta"": 0.1}"
temperature_100J,RFF graphe,3,12.045224805171987,15.227105118956942,0.5200901222485226,285,71,1219,16.01187529894314,"{""alpha"": 0.001, ""gamma_factor"": 1.0, ""beta"": 1.0}"
temperature_100J,RFF graphe,4,13.836719102034767,17.706979779908078,0.5345116114111851,285,71,1218,15.680946474836214,"{""alpha"": 0.001, ""gamma_factor"": 1.0, ""beta"": 1.0}"
temperature_100J,RFF graphe,5,18.80366150940548,24.146900897257694,0.3835061412057452,285,71,1201,14.09272976146165,"{""alpha"": 0.001, ""gamma_factor"": 1.0, ""beta"": 0.1}"
