task,row_id,group,outer_fold
strength,9,59,1
strength,11,59,1
strength,14,34,1
strength,16,34,1
strength,28,88,1
strength,30,88,1
strength,52,79,1
strength,54,79,1
strength,66,208,1
strength,67,208,1
strength,74,428,1
strength,86,389,1
strength,110,355,1
strength,118,302,1
strength,121,296,1
strength,124,256,1
strength,140,263,1
strength,160,220,1
strength,196,446,1
strength,200,481,1
strength,208,436,1
strength,225,59,1
strength,226,59,1
strength,228,16,1
strength,229,16,1
strength,247,122,1
strength,248,122,1
strength,253,58,1
strength,254,58,1
strength,262,29,1
strength,263,29,1
strength,271,131,1
strength,272,131,1
strength,319,355,1
strength,323,355,1
strength,342,309,1
strength,344,309,1
strength,348,371,1
strength,350,371,1
strength,357,347,1
strength,359,347,1
strength,366,265,1
strength,368,265,1
strength,396,282,1
strength,398,282,1
strength,399,323,1
strength,401,323,1
strength,405,303,1
strength,407,303,1
strength,408,371,1
strength,410,371,1
strength,426,393,1
strength,428,393,1
strength,441,369,1
strength,443,369,1
strength,444,380,1
strength,446,380,1
strength,454,153,1
strength,460,82,1
strength,463,225,1
strength,479,57,1
strength,568,598,1
strength,587,166,1
strength,624,354,1
strength,626,354,1
strength,642,385,1
strength,644,385,1
strength,657,414,1
strength,659,414,1
strength,666,362,1
strength,668,362,1
strength,683,206,1
strength,688,241,1
strength,691,278,1
strength,692,233,1
strength,694,213,1
strength,695,192,1
strength,708,513,1
strength,709,513,1
strength,710,583,1
strength,711,583,1
strength,713,23,1
strength,722,486,1
strength,723,492,1
strength,725,473,1
strength,731,453,1
strength,895,247,1
strength,900,422,1
strength,915,249,1
strength,916,249,1
strength,929,416,1
strength,985,291,1
strength,1000,538,1
strength,1026,510,1
strength,1027,401,1
strength,1044,11,1
strength,1050,121,1
strength,1060,42,1
strength,1066,68,1
strength,1095,73,1
strength,1096,37,1
strength,1130,405,1
strength,1131,405,1
strength,1132,607,1
strength,1133,607,1
strength,1142,547,1
strength,1143,547,1
strength,1158,551,1
strength,1162,465,1
strength,1164,579,1
strength,1224,461,1
strength,1225,461,1
strength,1285,434,1
strength,1286,434,1
strength,1287,434,1
strength,1306,501,1
strength,1387,141,1
strength,1391,185,1
strength,1396,49,1
strength,1398,91,1
strength,1441,494,1
strength,1442,494,1
strength,1453,331,1
strength,1454,331,1
strength,1505,319,1
strength,1535,199,1
strength,1547,366,1
strength,1556,173,1
strength,1559,178,1
strength,1574,273,1
strength,1580,334,1
strength,1592,342,1
strength,1622,314,1
strength,6,53,2
strength,8,53,2
strength,17,120,2
strength,18,120,2
strength,31,128,2
strength,33,128,2
strength,46,13,2
strength,48,13,2
strength,60,329,2
strength,61,329,2
strength,62,301,2
strength,63,301,2
strength,68,352,2
strength,69,352,2
strength,102,353,2
strength,133,271,2
strength,204,435,2
strength,222,53,2
strength,223,53,2
strength,230,33,2
strength,231,33,2
strength,233,52,2
strength,234,52,2
strength,238,28,2
strength,239,28,2
strength,256,78,2
strength,257,78,2
strength,281,280,2
strength,284,280,2
strength,299,413,2
strength,302,413,2
strength,305,353,2
strength,309,353,2
strength,363,365,2
strength,365,365,2
strength,372,379,2
strength,374,379,2
strength,411,384,2
strength,413,384,2
strength,423,365,2
strength,425,365,2
strength,429,346,2
strength,431,346,2
strength,455,151,2
strength,456,171,2
strength,462,119,2
strength,499,184,2
strength,534,440,2
strength,583,255,2
strength,607,246,2
strength,611,318,2
strength,618,308,2
strength,620,308,2
strength,648,368,2
strength,650,368,2
strength,654,392,2
strength,656,392,2
strength,660,361,2
strength,662,361,2
strength,669,322,2
strength,671,322,2
strength,676,360,2
strength,678,300,2
strength,686,212,2
strength,700,87,2
strength,701,87,2
strength,718,22,2
strength,719,499,2
strength,721,529,2
strength,901,421,2
strength,904,472,2
strength,906,426,2
strength,907,238,2
strength,908,238,2
strength,917,230,2
strength,935,458,2
strength,936,458,2
strength,1010,506,2
strength,1015,491,2
strength,1020,577,2
strength,1024,485,2
strength,1029,341,2
strength,1031,480,2
strength,1032,452,2
strength,1033,262,2
strength,1042,135,2
strength,1048,81,2
strength,1062,36,2
strength,1090,65,2
strength,1092,10,2
strength,1094,72,2
strength,1097,56,2
strength,1128,403,2
strength,1129,403,2
strength,1134,575,2
strength,1135,575,2
strength,1138,606,2
strength,1139,606,2
strength,1153,597,2
strength,1159,550,2
strength,1161,412,2
strength,1222,545,2
strength,1223,545,2
strength,1291,433,2
strength,1292,433,2
strength,1293,433,2
strength,1328,41,2
strength,1356,295,2
strength,1383,224,2
strength,1386,198,2
strength,1392,165,2
strength,1393,48,2
strength,1394,191,2
strength,1397,90,2
strength,1437,488,2
strength,1438,488,2
strength,1443,509,2
strength,1444,509,2
strength,1452,460,2
strength,1471,197,2
strength,1472,197,2
strength,1483,261,2
strength,1484,261,2
strength,1490,177,2
strength,1508,240,2
strength,1517,205,2
strength,1526,288,2
strength,1538,219,2
strength,1583,333,2
strength,1595,399,2
strength,1598,313,2
strength,1628,277,2
strength,1631,378,2
strength,3,14,3
strength,5,14,3
strength,12,21,3
strength,13,21,3
strength,19,85,3
strength,21,85,3
strength,37,50,3
strength,39,50,3
strength,49,32,3
strength,51,32,3
strength,70,299,3
strength,94,217,3
strength,98,409,3
strength,130,223,3
strength,148,312,3
strength,164,254,3
strength,172,260,3
strength,212,439,3
strength,219,14,3
strength,220,14,3
strength,244,74,3
strength,245,74,3
strength,259,126,3
strength,260,126,3
strength,268,103,3
strength,269,103,3
strength,274,217,3
strength,278,217,3
strength,286,383,3
strength,289,383,3
strength,292,409,3
strength,296,409,3
strength,360,367,3
strength,362,367,3
strength,378,344,3
strength,380,344,3
strength,381,359,3
strength,383,359,3
strength,390,402,3
strength,392,402,3
strength,402,237,3
strength,404,237,3
strength,435,345,3
strength,437,345,3
strength,438,344,3
strength,440,344,3
strength,450,390,3
strength,452,390,3
strength,457,133,3
strength,459,77,3
strength,461,145,3
strength,464,211,3
strength,486,55,3
strength,579,286,3
strength,591,236,3
strength,615,307,3
strength,617,307,3
strength,633,351,3
strength,635,351,3
strength,636,321,3
strength,638,321,3
strength,639,327,3
strength,641,327,3
strength,651,279,3
strength,653,279,3
strength,675,294,3
strength,679,270,3
strength,684,218,3
strength,687,195,3
strength,696,6,3
strength,697,6,3
strength,720,478,3
strength,728,484,3
strength,896,420,3
strength,905,425,3
strength,921,410,3
strength,923,163,3
strength,927,245,3
strength,945,176,3
strength,970,451,3
strength,975,398,3
strength,980,490,3
strength,990,432,3
strength,995,229,3
strength,1005,496,3
strength,1035,332,3
strength,1046,20,3
strength,1085,45,3
strength,1086,64,3
strength,1089,71,3
strength,1093,40,3
strength,1136,544,3
strength,1137,544,3
strength,1144,605,3
strength,1145,605,3
strength,1150,556,3
strength,1220,508,3
strength,1221,508,3
strength,1230,572,3
strength,1231,572,3
strength,1232,505,3
strength,1249,457,3
strength,1336,35,3
strength,1381,590,3
strength,1382,546,3
strength,1384,117,3
strength,1395,526,3
strength,1399,89,3
strength,1402,9,3
strength,1408,471,3
strength,1439,479,3
strength,1440,479,3
strength,1447,447,3
strength,1448,447,3
strength,1457,411,3
strength,1458,411,3
strength,1461,258,3
strength,1462,258,3
strength,1477,180,3
strength,1478,180,3
strength,1479,290,3
strength,1480,290,3
strength,1485,374,3
strength,1486,374,3
strength,1496,170,3
strength,1520,182,3
strength,1553,377,3
strength,1562,190,3
strength,1568,276,3
strength,1589,317,3
strength,1610,204,3
strength,1634,339,3
strength,1637,356,3
strength,0,12,4
strength,2,12,4
strength,22,18,4
strength,24,18,4
strength,25,47,4
strength,27,47,4
strength,34,31,4
strength,36,31,4
strength,40,84,4
strength,42,84,4
strength,43,66,4
strength,45,66,4
strength,55,124,4
strength,57,124,4
strength,78,350,4
strength,82,395,4
strength,90,431,4
strength,114,396,4
strength,144,266,4
strength,152,194,4
strength,168,259,4
strength,180,203,4
strength,188,438,4
strength,192,475,4
strength,216,12,4
strength,217,12,4
strength,326,396,4
strength,330,396,4
strength,333,287,4
strength,335,287,4
strength,336,252,4
strength,338,252,4
strength,351,349,4
strength,353,349,4
strength,375,337,4
strength,377,337,4
strength,384,358,4
strength,386,358,4
strength,393,287,4
strength,395,287,4
strength,414,306,4
strength,416,306,4
strength,458,86,4
strength,465,44,4
strength,472,39,4
strength,506,189,4
strength,513,311,4
strength,520,449,4
strength,527,489,4
strength,548,604,4
strength,554,600,4
strength,599,210,4
strength,621,325,4
strength,623,325,4
strength,630,364,4
strength,632,364,4
strength,645,320,4
strength,647,320,4
strength,663,382,4
strength,665,382,4
strength,680,222,4
strength,682,298,4
strength,689,275,4
strength,690,216,4
strength,704,95,4
strength,705,95,4
strength,706,232,4
strength,707,232,4
strength,712,26,4
strength,729,495,4
strength,899,419,4
strength,903,424,4
strength,913,408,4
strength,914,408,4
strength,925,244,4
strength,933,503,4
strength,934,503,4
strength,937,571,4
strength,938,571,4
strength,939,603,4
strength,940,603,4
strength,941,397,4
strength,942,397,4
strength,960,407,4
strength,1025,553,4
strength,1030,483,4
strength,1038,63,4
strength,1040,112,4
strength,1058,54,4
strength,1084,8,4
strength,1088,19,4
strength,1099,70,4
strength,1148,542,4
strength,1149,542,4
strength,1163,517,4
strength,1165,470,4
strength,1238,162,4
strength,1243,504,4
strength,1297,150,4
strength,1298,150,4
strength,1299,150,4
strength,1303,540,4
strength,1307,228,4
strength,1319,76,4
strength,1367,169,4
strength,1388,589,4
strength,1389,127,4
strength,1400,330,4
strength,1403,144,4
strength,1404,455,4
strength,1445,441,4
strength,1446,441,4
strength,1449,476,4
strength,1450,476,4
strength,1455,387,4
strength,1456,387,4
strength,1459,373,4
strength,1460,373,4
strength,1467,289,4
strength,1468,289,4
strength,1473,164,4
strength,1474,164,4
strength,1481,272,4
strength,1482,272,4
strength,1487,283,4
strength,1493,181,4
strength,1499,235,4
strength,1511,293,4
strength,1532,175,4
strength,1565,376,4
strength,1571,251,4
strength,1616,338,4
strength,1619,316,4
strength,58,310,5
strength,59,310,5
strength,64,348,5
strength,65,348,5
strength,106,388,5
strength,127,221,5
strength,136,430,5
strength,156,193,5
strength,176,226,5
strength,184,454,5
strength,235,80,5
strength,236,80,5
strength,241,46,5
strength,242,46,5
strength,250,30,5
strength,251,30,5
strength,265,62,5
strength,266,62,5
strength,312,388,5
strength,316,388,5
strength,339,257,5
strength,345,268,5
strength,347,268,5
strength,354,381,5
strength,356,381,5
strength,369,357,5
strength,371,357,5
strength,387,336,5
strength,389,336,5
strength,417,304,5
strength,419,304,5
strength,420,324,5
strength,422,324,5
strength,432,370,5
strength,434,370,5
strength,447,363,5
strength,449,363,5
strength,453,168,5
strength,493,142,5
strength,541,448,5
strength,561,599,5
strength,575,305,5
strength,595,207,5
strength,603,186,5
strength,627,386,5
strength,629,386,5
strength,672,394,5
strength,674,394,5
strength,677,274,5
strength,681,242,5
strength,685,234,5
strength,693,201,5
strength,698,17,5
strength,699,17,5
strength,702,123,5
strength,703,123,5
strength,714,24,5
strength,715,25,5
strength,716,24,5
strength,717,24,5
strength,724,482,5
strength,726,487,5
strength,727,493,5
strength,730,474,5
strength,897,423,5
strength,898,418,5
strength,902,248,5
strength,909,154,5
strength,910,154,5
strength,911,467,5
strength,912,467,5
strength,919,468,5
strength,931,94,5
strength,932,94,5
strength,943,500,5
strength,944,500,5
strength,950,281,5
strength,955,155,5
strength,965,437,5
strength,1028,512,5
strength,1036,51,5
strength,1052,15,5
strength,1054,7,5
strength,1056,38,5
strength,1064,43,5
strength,1087,104,5
strength,1091,83,5
strength,1098,69,5
strength,1126,406,5
strength,1127,406,5
strength,1140,515,5
strength,1141,515,5
strength,1146,584,5
strength,1147,584,5
strength,1156,580,5
strength,1157,552,5
strength,1160,602,5
strength,1226,429,5
strength,1227,429,5
strength,1228,549,5
strength,1229,549,5
strength,1304,502,5
strength,1305,539,5
strength,1346,75,5
strength,1377,136,5
strength,1378,136,5
strength,1379,136,5
strength,1380,136,5
strength,1385,125,5
strength,1390,326,5
strength,1401,60,5
strength,1463,0,5
strength,1464,0,5
strength,1465,0,5
strength,1466,0,5
strength,1469,214,5
strength,1470,214,5
strength,1475,250,5
strength,1476,250,5
strength,1502,284,5
strength,1523,179,5
strength,1529,174,5
strength,1541,284,5
strength,1544,264,5
strength,1550,375,5
strength,1577,343,5
strength,1586,404,5
strength,1601,292,5
strength,1604,297,5
strength,1607,335,5
strength,1613,315,5
strength,1625,391,5
strength,1640,215,5
charpy,26,47,1
charpy,27,47,1
charpy,32,128,1
charpy,33,128,1
charpy,79,350,1
charpy,80,350,1
charpy,91,431,1
charpy,92,431,1
charpy,111,355,1
charpy,112,355,1
charpy,141,263,1
charpy,142,263,1
charpy,149,312,1
charpy,150,312,1
charpy,153,194,1
charpy,154,194,1
charpy,161,220,1
charpy,162,220,1
charpy,189,438,1
charpy,190,438,1
charpy,191,438,1
charpy,201,481,1
charpy,202,481,1
charpy,203,481,1
charpy,257,78,1
charpy,258,78,1
charpy,263,29,1
charpy,264,29,1
charpy,273,131,1
charpy,320,355,1
charpy,321,355,1
charpy,324,355,1
charpy,325,355,1
charpy,346,268,1
charpy,347,268,1
charpy,349,371,1
charpy,350,371,1
charpy,376,337,1
charpy,377,337,1
charpy,385,358,1
charpy,386,358,1
charpy,409,371,1
charpy,410,371,1
charpy,412,384,1
charpy,413,384,1
charpy,433,370,1
charpy,434,370,1
charpy,500,184,1
charpy,501,184,1
charpy,502,184,1
charpy,503,184,1
charpy,504,184,1
charpy,505,184,1
charpy,542,448,1
charpy,543,448,1
charpy,544,448,1
charpy,545,448,1
charpy,546,448,1
charpy,547,448,1
charpy,549,604,1
charpy,550,604,1
charpy,551,604,1
charpy,552,604,1
charpy,553,604,1
charpy,562,599,1
charpy,563,599,1
charpy,564,599,1
charpy,565,599,1
charpy,566,599,1
charpy,567,599,1
charpy,576,305,1
charpy,577,305,1
charpy,580,286,1
charpy,581,286,1
charpy,584,255,1
charpy,585,255,1
charpy,596,207,1
charpy,597,207,1
charpy,608,246,1
charpy,609,246,1
charpy,631,364,1
charpy,632,364,1
charpy,670,322,1
charpy,671,322,1
charpy,696,6,1
charpy,697,6,1
charpy,704,95,1
charpy,705,95,1
charpy,708,513,1
charpy,709,513,1
charpy,757,4,1
charpy,758,4,1
charpy,759,4,1
charpy,760,4,1
charpy,761,4,1
charpy,775,148,1
charpy,776,148,1
charpy,777,148,1
charpy,778,148,1
charpy,779,148,1
charpy,799,466,1
charpy,800,466,1
charpy,801,466,1
charpy,802,466,1
charpy,803,466,1
charpy,869,328,1
charpy,870,328,1
charpy,899,419,1
charpy,903,424,1
charpy,904,472,1
charpy,956,155,1
charpy,957,155,1
charpy,958,155,1
charpy,959,155,1
charpy,991,432,1
charpy,992,432,1
charpy,993,432,1
charpy,994,432,1
charpy,1006,496,1
charpy,1007,496,1
charpy,1008,496,1
charpy,1009,496,1
charpy,1021,577,1
charpy,1022,577,1
charpy,1023,577,1
charpy,1035,332,1
charpy,1045,11,1
charpy,1085,45,1
charpy,1086,64,1
charpy,1091,83,1
charpy,1096,37,1
charpy,1099,70,1
charpy,1264,567,1
charpy,1265,567,1
charpy,1266,567,1
charpy,1267,567,1
charpy,1268,567,1
charpy,1416,400,1
charpy,1417,400,1
charpy,1418,400,1
charpy,1420,400,1
charpy,1421,400,1
charpy,1422,400,1
charpy,1424,400,1
charpy,1425,400,1
charpy,1426,400,1
charpy,1428,400,1
charpy,1429,400,1
charpy,1430,400,1
charpy,1432,400,1
charpy,1433,400,1
charpy,1434,400,1
charpy,1494,181,1
charpy,1495,181,1
charpy,1500,235,1
charpy,1501,235,1
charpy,1503,284,1
charpy,1504,284,1
charpy,1530,174,1
charpy,1531,174,1
charpy,1542,284,1
charpy,1543,284,1
charpy,1578,343,1
charpy,1579,343,1
charpy,1590,317,1
charpy,1591,317,1
charpy,1596,399,1
charpy,1597,399,1
charpy,1605,297,1
charpy,1606,297,1
charpy,1626,391,1
charpy,1627,391,1
charpy,1629,277,1
charpy,1630,277,1
charpy,1632,378,1
charpy,1633,378,1
charpy,7,53,2
charpy,8,53,2
charpy,29,88,2
charpy,30,88,2
charpy,56,124,2
charpy,83,395,2
charpy,84,395,2
charpy,103,353,2
charpy,104,353,2
charpy,122,296,2
charpy,123,296,2
charpy,137,430,2
charpy,138,430,2
charpy,157,193,2
charpy,158,193,2
charpy,165,254,2
charpy,166,254,2
charpy,173,260,2
charpy,174,260,2
charpy,185,454,2
charpy,186,454,2
charpy,187,454,2
charpy,205,435,2
charpy,206,435,2
charpy,207,435,2
charpy,223,53,2
charpy,224,53,2
charpy,239,28,2
charpy,240,28,2
charpy,242,46,2
charpy,243,46,2
charpy,245,74,2
charpy,246,74,2
charpy,260,126,2
charpy,261,126,2
charpy,306,353,2
charpy,307,353,2
charpy,310,353,2
charpy,311,353,2
charpy,343,309,2
charpy,344,309,2
charpy,352,349,2
charpy,353,349,2
charpy,370,357,2
charpy,371,357,2
charpy,379,344,2
charpy,380,344,2
charpy,388,336,2
charpy,389,336,2
charpy,418,304,2
charpy,419,304,2
charpy,439,344,2
charpy,440,344,2
charpy,442,369,2
charpy,443,369,2
charpy,448,363,2
charpy,449,363,2
charpy,451,390,2
charpy,452,390,2
charpy,480,57,2
charpy,481,57,2
charpy,482,57,2
charpy,483,57,2
charpy,484,57,2
charpy,485,57,2
charpy,535,440,2
charpy,536,440,2
charpy,537,440,2
charpy,538,440,2
charpy,539,440,2
charpy,540,440,2
charpy,555,600,2
charpy,556,600,2
charpy,557,600,2
charpy,558,600,2
charpy,559,600,2
charpy,560,600,2
charpy,569,598,2
charpy,570,598,2
charpy,571,598,2
charpy,572,598,2
charpy,573,598,2
charpy,574,598,2
charpy,637,321,2
charpy,638,321,2
charpy,640,327,2
charpy,641,327,2
charpy,664,382,2
charpy,665,382,2
charpy,706,232,2
charpy,707,232,2
charpy,763,3,2
charpy,764,3,2
charpy,765,3,2
charpy,766,3,2
charpy,767,3,2
charpy,781,147,2
charpy,782,147,2
charpy,783,147,2
charpy,784,147,2
charpy,785,147,2
charpy,841,554,2
charpy,842,554,2
charpy,843,554,2
charpy,844,554,2
charpy,845,554,2
charpy,867,267,2
charpy,868,267,2
charpy,873,285,2
charpy,874,285,2
charpy,897,423,2
charpy,898,418,2
charpy,961,407,2
charpy,962,407,2
charpy,963,407,2
charpy,964,407,2
charpy,981,490,2
charpy,982,490,2
charpy,983,490,2
charpy,984,490,2
charpy,996,229,2
charpy,997,229,2
charpy,998,229,2
charpy,999,229,2
charpy,1025,553,2
charpy,1026,510,2
charpy,1032,452,2
charpy,1033,262,2
charpy,1039,63,2
charpy,1049,81,2
charpy,1063,36,2
charpy,1065,43,2
charpy,1092,10,2
charpy,1098,69,2
charpy,1213,524,2
charpy,1214,524,2
charpy,1215,524,2
charpy,1250,457,2
charpy,1251,457,2
charpy,1252,457,2
charpy,1253,457,2
charpy,1254,457,2
charpy,1271,595,2
charpy,1272,595,2
charpy,1273,595,2
charpy,1274,595,2
charpy,1275,595,2
charpy,1308,228,2
charpy,1309,228,2
charpy,1310,228,2
charpy,1311,228,2
charpy,1312,228,2
charpy,1313,228,2
charpy,1314,228,2
charpy,1315,228,2
charpy,1316,228,2
charpy,1317,228,2
charpy,1318,228,2
charpy,1509,240,2
charpy,1510,240,2
charpy,1518,205,2
charpy,1519,205,2
charpy,1524,179,2
charpy,1525,179,2
charpy,1539,219,2
charpy,1540,219,2
charpy,1554,377,2
charpy,1555,377,2
charpy,1557,173,2
charpy,1558,173,2
charpy,1569,276,2
charpy,1570,276,2
charpy,1593,342,2
charpy,1594,342,2
charpy,1620,316,2
charpy,1621,316,2
charpy,4,14,3
charpy,5,14,3
charpy,23,18,3
charpy,24,18,3
charpy,50,32,3
charpy,51,32,3
charpy,75,428,3
charpy,76,428,3
charpy,87,389,3
charpy,88,389,3
charpy,99,409,3
charpy,100,409,3
charpy,145,266,3
charpy,146,266,3
charpy,169,259,3
charpy,170,259,3
charpy,177,226,3
charpy,178,226,3
charpy,197,446,3
charpy,198,446,3
charpy,199,446,3
charpy,220,14,3
charpy,221,14,3
charpy,266,62,3
charpy,267,62,3
charpy,282,280,3
charpy,283,280,3
charpy,285,280,3
charpy,293,409,3
charpy,294,409,3
charpy,297,409,3
charpy,298,409,3
charpy,355,381,3
charpy,356,381,3
charpy,358,347,3
charpy,359,347,3
charpy,391,402,3
charpy,406,303,3
charpy,407,303,3
charpy,487,55,3
charpy,488,55,3
charpy,489,55,3
charpy,490,55,3
charpy,491,55,3
charpy,492,55,3
charpy,514,311,3
charpy,515,311,3
charpy,516,311,3
charpy,517,311,3
charpy,518,311,3
charpy,519,311,3
charpy,619,308,3
charpy,620,308,3
charpy,622,325,3
charpy,623,325,3
charpy,646,320,3
charpy,647,320,3
charpy,649,368,3
charpy,650,368,3
charpy,667,362,3
charpy,668,362,3
charpy,673,394,3
charpy,674,394,3
charpy,700,87,3
charpy,701,87,3
charpy,702,123,3
charpy,703,123,3
charpy,751,1,3
charpy,752,1,3
charpy,753,1,3
charpy,754,1,3
charpy,755,1,3
charpy,787,146,3
charpy,788,146,3
charpy,789,146,3
charpy,790,146,3
charpy,791,146,3
charpy,805,450,3
charpy,806,450,3
charpy,807,450,3
charpy,808,450,3
charpy,809,450,3
charpy,835,594,3
charpy,836,594,3
charpy,837,594,3
charpy,838,594,3
charpy,839,594,3
charpy,865,253,3
charpy,866,253,3
charpy,871,239,3
charpy,872,239,3
charpy,900,422,3
charpy,902,248,3
charpy,946,176,3
charpy,947,176,3
charpy,948,176,3
charpy,949,176,3
charpy,971,451,3
charpy,972,451,3
charpy,973,451,3
charpy,974,451,3
charpy,976,398,3
charpy,977,398,3
charpy,978,398,3
charpy,979,398,3
charpy,986,291,3
charpy,987,291,3
charpy,988,291,3
charpy,989,291,3
charpy,1024,485,3
charpy,1028,512,3
charpy,1034,427,3
charpy,1047,20,3
charpy,1051,121,3
charpy,1061,42,3
charpy,1067,68,3
charpy,1084,8,3
charpy,1095,73,3
charpy,1097,56,3
charpy,1217,523,3
charpy,1218,523,3
charpy,1219,523,3
charpy,1233,505,3
charpy,1234,505,3
charpy,1235,505,3
charpy,1236,505,3
charpy,1237,505,3
charpy,1256,536,3
charpy,1257,536,3
charpy,1258,536,3
charpy,1259,536,3
charpy,1260,536,3
charpy,1261,536,3
charpy,1329,41,3
charpy,1330,41,3
charpy,1331,41,3
charpy,1332,41,3
charpy,1333,41,3
charpy,1334,41,3
charpy,1335,41,3
charpy,1357,295,3
charpy,1358,295,3
charpy,1359,295,3
charpy,1360,295,3
charpy,1361,295,3
charpy,1362,295,3
charpy,1363,295,3
charpy,1364,295,3
charpy,1365,295,3
charpy,1366,295,3
charpy,1488,283,3
charpy,1489,283,3
charpy,1497,170,3
charpy,1498,170,3
charpy,1512,293,3
charpy,1513,293,3
charpy,1515,340,3
charpy,1516,340,3
charpy,1560,178,3
charpy,1561,178,3
charpy,1563,190,3
charpy,1564,190,3
charpy,1566,376,3
charpy,1567,376,3
charpy,1575,273,3
charpy,1576,273,3
charpy,1608,335,3
charpy,1609,335,3
charpy,1611,204,3
charpy,1612,204,3
charpy,1614,315,3
charpy,1615,315,3
charpy,1638,356,3
charpy,1639,356,3
charpy,1641,215,3
charpy,1642,215,3
charpy,1,12,4
charpy,2,12,4
charpy,35,31,4
charpy,36,31,4
charpy,41,84,4
charpy,42,84,4
charpy,44,66,4
charpy,107,388,4
charpy,108,388,4
charpy,119,302,4
charpy,120,302,4
charpy,131,223,4
charpy,132,223,4
charpy,134,271,4
charpy,135,271,4
charpy,181,203,4
charpy,182,203,4
charpy,213,439,4
charpy,214,439,4
charpy,215,439,4
charpy,217,12,4
charpy,218,12,4
charpy,248,122,4
charpy,249,122,4
charpy,254,58,4
charpy,255,58,4
charpy,287,383,4
charpy,288,383,4
charpy,290,383,4
charpy,291,383,4
charpy,313,388,4
charpy,314,388,4
charpy,317,388,4
charpy,318,388,4
charpy,334,287,4
charpy,335,287,4
charpy,337,252,4
charpy,338,252,4
charpy,340,257,4
charpy,341,257,4
charpy,361,367,4
charpy,362,367,4
charpy,367,265,4
charpy,368,265,4
charpy,394,287,4
charpy,395,287,4
charpy,397,282,4
charpy,398,282,4
charpy,403,237,4
charpy,404,237,4
charpy,421,324,4
charpy,422,324,4
charpy,427,393,4
charpy,428,393,4
charpy,430,346,4
charpy,431,346,4
charpy,445,380,4
charpy,446,380,4
charpy,473,39,4
charpy,474,39,4
charpy,475,39,4
charpy,476,39,4
charpy,477,39,4
charpy,478,39,4
charpy,507,189,4
charpy,508,189,4
charpy,509,189,4
charpy,510,189,4
charpy,511,189,4
charpy,512,189,4
charpy,521,449,4
charpy,522,449,4
charpy,523,449,4
charpy,524,449,4
charpy,525,449,4
charpy,526,449,4
charpy,588,166,4
charpy,589,166,4
charpy,600,210,4
charpy,601,210,4
charpy,604,186,4
charpy,605,186,4
charpy,616,307,4
charpy,617,307,4
charpy,625,354,4
charpy,626,354,4
charpy,628,386,4
charpy,629,386,4
charpy,658,414,4
charpy,659,414,4
charpy,661,361,4
charpy,662,361,4
charpy,698,17,4
charpy,699,17,4
charpy,710,583,4
charpy,711,583,4
charpy,769,5,4
charpy,770,5,4
charpy,771,5,4
charpy,772,5,4
charpy,773,5,4
charpy,793,183,4
charpy,794,183,4
charpy,795,183,4
charpy,796,183,4
charpy,797,183,4
charpy,817,498,4
charpy,818,498,4
charpy,819,498,4
charpy,820,498,4
charpy,821,498,4
charpy,823,586,4
charpy,824,586,4
charpy,825,586,4
charpy,826,586,4
charpy,827,586,4
charpy,895,247,4
charpy,901,421,4
charpy,906,426,4
charpy,966,437,4
charpy,967,437,4
charpy,968,437,4
charpy,969,437,4
charpy,1011,506,4
charpy,1012,506,4
charpy,1013,506,4
charpy,1014,506,4
charpy,1027,401,4
charpy,1030,483,4
charpy,1041,112,4
charpy,1055,7,4
charpy,1059,54,4
charpy,1088,19,4
charpy,1093,40,4
charpy,1094,72,4
charpy,1209,521,4
charpy,1210,521,4
charpy,1211,521,4
charpy,1239,162,4
charpy,1240,162,4
charpy,1241,162,4
charpy,1242,162,4
charpy,1288,434,4
charpy,1289,434,4
charpy,1337,35,4
charpy,1338,35,4
charpy,1339,35,4
charpy,1340,35,4
charpy,1341,35,4
charpy,1342,35,4
charpy,1343,35,4
charpy,1344,35,4
charpy,1345,35,4
charpy,1368,169,4
charpy,1369,169,4
charpy,1370,169,4
charpy,1371,169,4
charpy,1372,169,4
charpy,1373,169,4
charpy,1374,169,4
charpy,1375,169,4
charpy,1376,169,4
charpy,1491,177,4
charpy,1492,177,4
charpy,1506,319,4
charpy,1507,319,4
charpy,1551,375,4
charpy,1552,375,4
charpy,1581,334,4
charpy,1582,334,4
charpy,1602,292,4
charpy,1603,292,4
charpy,1623,314,4
charpy,1624,314,4
charpy,1635,339,4
charpy,1636,339,4
charpy,10,59,5
charpy,11,59,5
charpy,38,50,5
charpy,39,50,5
charpy,47,13,5
charpy,48,13,5
charpy,53,79,5
charpy,54,79,5
charpy,71,299,5
charpy,72,299,5
charpy,95,217,5
charpy,96,217,5
charpy,115,396,5
charpy,116,396,5
charpy,125,256,5
charpy,126,256,5
charpy,128,221,5
charpy,129,221,5
charpy,193,475,5
charpy,194,475,5
charpy,195,475,5
charpy,209,436,5
charpy,210,436,5
charpy,211,436,5
charpy,226,59,5
charpy,227,59,5
charpy,251,30,5
charpy,252,30,5
charpy,269,103,5
charpy,270,103,5
charpy,275,217,5
charpy,276,217,5
charpy,279,217,5
charpy,280,217,5
charpy,300,413,5
charpy,301,413,5
charpy,303,413,5
charpy,304,413,5
charpy,327,396,5
charpy,328,396,5
charpy,331,396,5
charpy,332,396,5
charpy,364,365,5
charpy,365,365,5
charpy,373,379,5
charpy,374,379,5
charpy,382,359,5
charpy,383,359,5
charpy,400,323,5
charpy,401,323,5
charpy,415,306,5
charpy,416,306,5
charpy,424,365,5
charpy,425,365,5
charpy,436,345,5
charpy,437,345,5
charpy,466,44,5
charpy,467,44,5
charpy,468,44,5
charpy,469,44,5
charpy,470,44,5
charpy,471,44,5
charpy,494,142,5
charpy,495,142,5
charpy,496,142,5
charpy,497,142,5
charpy,498,142,5
charpy,528,489,5
charpy,529,489,5
charpy,530,489,5
charpy,531,489,5
charpy,532,489,5
charpy,533,489,5
charpy,592,236,5
charpy,593,236,5
charpy,612,318,5
charpy,613,318,5
charpy,634,351,5
charpy,635,351,5
charpy,643,385,5
charpy,644,385,5
charpy,652,279,5
charpy,653,279,5
charpy,655,392,5
charpy,656,392,5
charpy,811,443,5
charpy,812,443,5
charpy,813,443,5
charpy,814,443,5
charpy,815,443,5
charpy,829,587,5
charpy,830,587,5
charpy,831,587,5
charpy,832,587,5
charpy,833,587,5
charpy,863,209,5
charpy,864,209,5
charpy,875,372,5
charpy,876,372,5
charpy,877,269,5
charpy,878,269,5
charpy,896,420,5
charpy,905,425,5
charpy,951,281,5
charpy,952,281,5
charpy,953,281,5
charpy,954,281,5
charpy,1001,538,5
charpy,1002,538,5
charpy,1003,538,5
charpy,1004,538,5
charpy,1016,491,5
charpy,1017,491,5
charpy,1018,491,5
charpy,1019,491,5
charpy,1029,341,5
charpy,1031,480,5
charpy,1037,51,5
charpy,1043,135,5
charpy,1053,15,5
charpy,1057,38,5
charpy,1087,104,5
charpy,1089,71,5
charpy,1090,65,5
charpy,1205,525,5
charpy,1206,525,5
charpy,1207,525,5
charpy,1244,504,5
charpy,1245,504,5
charpy,1246,504,5
charpy,1247,504,5
charpy,1248,504,5
charpy,1294,433,5
charpy,1295,433,5
charpy,1300,150,5
charpy,1301,150,5
charpy,1320,76,5
charpy,1321,76,5
charpy,1322,76,5
charpy,1323,76,5
charpy,1324,76,5
charpy,1325,76,5
charpy,1326,76,5
charpy,1327,76,5
charpy,1347,75,5
charpy,1348,75,5
charpy,1349,75,5
charpy,1350,75,5
charpy,1351,75,5
charpy,1352,75,5
charpy,1353,75,5
charpy,1354,75,5
charpy,1355,75,5
charpy,1521,182,5
charpy,1522,182,5
charpy,1527,288,5
charpy,1528,288,5
charpy,1533,175,5
charpy,1534,175,5
charpy,1536,199,5
charpy,1537,199,5
charpy,1545,264,5
charpy,1546,264,5
charpy,1548,366,5
charpy,1549,366,5
charpy,1572,251,5
charpy,1573,251,5
charpy,1584,333,5
charpy,1585,333,5
charpy,1587,404,5
charpy,1588,404,5
charpy,1599,313,5
charpy,1600,313,5
charpy,1617,338,5
charpy,1618,338,5
charpy_without_100,87,389,1
charpy_without_100,107,388,1
charpy_without_100,122,296,1
charpy_without_100,134,271,1
charpy_without_100,149,312,1
charpy_without_100,157,193,1
charpy_without_100,161,220,1
charpy_without_100,173,260,1
charpy_without_100,213,439,1
charpy_without_100,214,439,1
charpy_without_100,313,388,1
charpy_without_100,317,388,1
charpy_without_100,487,55,1
charpy_without_100,488,55,1
charpy_without_100,489,55,1
charpy_without_100,490,55,1
charpy_without_100,491,55,1
charpy_without_100,492,55,1
charpy_without_100,542,448,1
charpy_without_100,543,448,1
charpy_without_100,544,448,1
charpy_without_100,545,448,1
charpy_without_100,546,448,1
charpy_without_100,547,448,1
charpy_without_100,562,599,1
charpy_without_100,563,599,1
charpy_without_100,564,599,1
charpy_without_100,565,599,1
charpy_without_100,566,599,1
charpy_without_100,567,599,1
charpy_without_100,592,236,1
charpy_without_100,708,513,1
charpy_without_100,709,513,1
charpy_without_100,751,1,1
charpy_without_100,752,1,1
charpy_without_100,753,1,1
charpy_without_100,754,1,1
charpy_without_100,755,1,1
charpy_without_100,787,146,1
charpy_without_100,788,146,1
charpy_without_100,789,146,1
charpy_without_100,790,146,1
charpy_without_100,791,146,1
charpy_without_100,811,443,1
charpy_without_100,812,443,1
charpy_without_100,813,443,1
charpy_without_100,814,443,1
charpy_without_100,815,443,1
charpy_without_100,835,594,1
charpy_without_100,836,594,1
charpy_without_100,837,594,1
charpy_without_100,838,594,1
charpy_without_100,839,594,1
charpy_without_100,900,422,1
charpy_without_100,904,472,1
charpy_without_100,946,176,1
charpy_without_100,947,176,1
charpy_without_100,948,176,1
charpy_without_100,949,176,1
charpy_without_100,961,407,1
charpy_without_100,962,407,1
charpy_without_100,963,407,1
charpy_without_100,964,407,1
charpy_without_100,1016,491,1
charpy_without_100,1017,491,1
charpy_without_100,1018,491,1
charpy_without_100,1019,491,1
charpy_without_100,1029,341,1
charpy_without_100,1034,427,1
charpy_without_100,1213,524,1
charpy_without_100,1214,524,1
charpy_without_100,1215,524,1
charpy_without_100,1244,504,1
charpy_without_100,1245,504,1
charpy_without_100,1246,504,1
charpy_without_100,1247,504,1
charpy_without_100,1248,504,1
charpy_without_100,1294,433,1
charpy_without_100,1295,433,1
charpy_without_100,1300,150,1
charpy_without_100,1301,150,1
charpy_without_100,1416,400,1
charpy_without_100,1417,400,1
charpy_without_100,1418,400,1
charpy_without_100,1420,400,1
charpy_without_100,1421,400,1
charpy_without_100,1422,400,1
charpy_without_100,1424,400,1
charpy_without_100,1425,400,1
charpy_without_100,1426,400,1
charpy_without_100,1428,400,1
charpy_without_100,1429,400,1
charpy_without_100,1430,400,1
charpy_without_100,1432,400,1
charpy_without_100,1433,400,1
charpy_without_100,1434,400,1
charpy_without_100,1489,283,1
charpy_without_100,1519,205,1
charpy_without_100,1525,179,1
charpy_without_100,1549,366,1
charpy_without_100,1558,173,1
charpy_without_100,1573,251,1
charpy_without_100,1582,334,1
charpy_without_100,1588,404,1
charpy_without_100,1591,317,1
charpy_without_100,115,396,2
charpy_without_100,145,266,2
charpy_without_100,169,259,2
charpy_without_100,189,438,2
charpy_without_100,190,438,2
charpy_without_100,201,481,2
charpy_without_100,202,481,2
charpy_without_100,282,280,2
charpy_without_100,300,413,2
charpy_without_100,303,413,2
charpy_without_100,327,396,2
charpy_without_100,331,396,2
charpy_without_100,466,44,2
charpy_without_100,467,44,2
charpy_without_100,468,44,2
charpy_without_100,469,44,2
charpy_without_100,470,44,2
charpy_without_100,471,44,2
charpy_without_100,535,440,2
charpy_without_100,536,440,2
charpy_without_100,537,440,2
charpy_without_100,538,440,2
charpy_without_100,539,440,2
charpy_without_100,540,440,2
charpy_without_100,555,600,2
charpy_without_100,556,600,2
charpy_without_100,557,600,2
charpy_without_100,558,600,2
charpy_without_100,559,600,2
charpy_without_100,560,600,2
charpy_without_100,569,598,2
charpy_without_100,570,598,2
charpy_without_100,571,598,2
charpy_without_100,572,598,2
charpy_without_100,573,598,2
charpy_without_100,574,598,2
charpy_without_100,576,305,2
charpy_without_100,704,95,2
charpy_without_100,705,95,2
charpy_without_100,710,583,2
charpy_without_100,711,583,2
charpy_without_100,769,5,2
charpy_without_100,770,5,2
charpy_without_100,771,5,2
charpy_without_100,772,5,2
charpy_without_100,773,5,2
charpy_without_100,793,183,2
charpy_without_100,794,183,2
charpy_without_100,795,183,2
charpy_without_100,796,183,2
charpy_without_100,797,183,2
charpy_without_100,799,466,2
charpy_without_100,800,466,2
charpy_without_100,801,466,2
charpy_without_100,802,466,2
charpy_without_100,803,466,2
charpy_without_100,901,421,2
charpy_without_100,902,248,2
charpy_without_100,906,426,2
charpy_without_100,956,155,2
charpy_without_100,957,155,2
charpy_without_100,958,155,2
charpy_without_100,959,155,2
charpy_without_100,971,451,2
charpy_without_100,972,451,2
charpy_without_100,973,451,2
charpy_without_100,974,451,2
charpy_without_100,986,291,2
charpy_without_100,987,291,2
charpy_without_100,988,291,2
charpy_without_100,989,291,2
charpy_without_100,1001,538,2
charpy_without_100,1002,538,2
charpy_without_100,1003,538,2
charpy_without_100,1004,538,2
charpy_without_100,1027,401,2
charpy_without_100,1032,452,2
charpy_without_100,1264,567,2
charpy_without_100,1265,567,2
charpy_without_100,1266,567,2
charpy_without_100,1267,567,2
charpy_without_100,1268,567,2
charpy_without_100,1308,228,2
charpy_without_100,1309,228,2
charpy_without_100,1310,228,2
charpy_without_100,1311,228,2
charpy_without_100,1312,228,2
charpy_without_100,1313,228,2
charpy_without_100,1314,228,2
charpy_without_100,1315,228,2
charpy_without_100,1316,228,2
charpy_without_100,1317,228,2
charpy_without_100,1318,228,2
charpy_without_100,1498,170,2
charpy_without_100,1501,235,2
charpy_without_100,1513,293,2
charpy_without_100,1516,340,2
charpy_without_100,1540,219,2
charpy_without_100,1561,178,2
charpy_without_100,1564,190,2
charpy_without_100,1585,333,2
charpy_without_100,1612,204,2
charpy_without_100,1621,316,2
charpy_without_100,1633,378,2
charpy_without_100,1639,356,2
charpy_without_100,79,350,3
charpy_without_100,91,431,3
charpy_without_100,111,355,3
charpy_without_100,119,302,3
charpy_without_100,125,256,3
charpy_without_100,177,226,3
charpy_without_100,181,203,3
charpy_without_100,193,475,3
charpy_without_100,194,475,3
charpy_without_100,209,436,3
charpy_without_100,210,436,3
charpy_without_100,287,383,3
charpy_without_100,290,383,3
charpy_without_100,320,355,3
charpy_without_100,324,355,3
charpy_without_100,473,39,3
charpy_without_100,474,39,3
charpy_without_100,475,39,3
charpy_without_100,476,39,3
charpy_without_100,477,39,3
charpy_without_100,478,39,3
charpy_without_100,514,311,3
charpy_without_100,515,311,3
charpy_without_100,516,311,3
charpy_without_100,517,311,3
charpy_without_100,518,311,3
charpy_without_100,519,311,3
charpy_without_100,588,166,3
charpy_without_100,604,186,3
charpy_without_100,757,4,3
charpy_without_100,758,4,3
charpy_without_100,759,4,3
charpy_without_100,760,4,3
charpy_without_100,761,4,3
charpy_without_100,775,148,3
charpy_without_100,776,148,3
charpy_without_100,777,148,3
charpy_without_100,778,148,3
charpy_without_100,779,148,3
charpy_without_100,841,554,3
charpy_without_100,842,554,3
charpy_without_100,843,554,3
charpy_without_100,844,554,3
charpy_without_100,845,554,3
charpy_without_100,895,247,3
charpy_without_100,896,420,3
charpy_without_100,905,425,3
charpy_without_100,951,281,3
charpy_without_100,952,281,3
charpy_without_100,953,281,3
charpy_without_100,954,281,3
charpy_without_100,966,437,3
charpy_without_100,967,437,3
charpy_without_100,968,437,3
charpy_without_100,969,437,3
charpy_without_100,1011,506,3
charpy_without_100,1012,506,3
charpy_without_100,1013,506,3
charpy_without_100,1014,506,3
charpy_without_100,1021,577,3
charpy_without_100,1022,577,3
charpy_without_100,1023,577,3
charpy_without_100,1024,485,3
charpy_without_100,1025,553,3
charpy_without_100,1035,332,3
charpy_without_100,1217,523,3
charpy_without_100,1218,523,3
charpy_without_100,1219,523,3
charpy_without_100,1250,457,3
charpy_without_100,1251,457,3
charpy_without_100,1252,457,3
charpy_without_100,1253,457,3
charpy_without_100,1254,457,3
charpy_without_100,1256,536,3
charpy_without_100,1257,536,3
charpy_without_100,1258,536,3
charpy_without_100,1259,536,3
charpy_without_100,1260,536,3
charpy_without_100,1261,536,3
charpy_without_100,1329,41,3
charpy_without_100,1330,41,3
charpy_without_100,1331,41,3
charpy_without_100,1332,41,3
charpy_without_100,1333,41,3
charpy_without_100,1334,41,3
charpy_without_100,1335,41,3
charpy_without_100,1357,295,3
charpy_without_100,1358,295,3
charpy_without_100,1359,295,3
charpy_without_100,1360,295,3
charpy_without_100,1361,295,3
charpy_without_100,1362,295,3
charpy_without_100,1363,295,3
charpy_without_100,1364,295,3
charpy_without_100,1365,295,3
charpy_without_100,1366,295,3
charpy_without_100,1492,177,3
charpy_without_100,1546,264,3
charpy_without_100,1555,377,3
charpy_without_100,1597,399,3
charpy_without_100,1603,292,3
charpy_without_100,1615,315,3
charpy_without_100,1630,277,3
charpy_without_100,1636,339,3
charpy_without_100,1642,215,3
charpy_without_100,71,299,4
charpy_without_100,83,395,4
charpy_without_100,103,353,4
charpy_without_100,131,223,4
charpy_without_100,137,430,4
charpy_without_100,141,263,4
charpy_without_100,185,454,4
charpy_without_100,186,454,4
charpy_without_100,205,435,4
charpy_without_100,206,435,4
charpy_without_100,306,353,4
charpy_without_100,310,353,4
charpy_without_100,480,57,4
charpy_without_100,481,57,4
charpy_without_100,482,57,4
charpy_without_100,483,57,4
charpy_without_100,484,57,4
charpy_without_100,485,57,4
charpy_without_100,521,449,4
charpy_without_100,522,449,4
charpy_without_100,523,449,4
charpy_without_100,524,449,4
charpy_without_100,525,449,4
charpy_without_100,526,449,4
charpy_without_100,584,255,4
charpy_without_100,600,210,4
charpy_without_100,608,246,4
charpy_without_100,763,3,4
charpy_without_100,764,3,4
charpy_without_100,765,3,4
charpy_without_100,766,3,4
charpy_without_100,767,3,4
charpy_without_100,781,147,4
charpy_without_100,782,147,4
charpy_without_100,783,147,4
charpy_without_100,784,147,4
charpy_without_100,785,147,4
charpy_without_100,805,450,4
charpy_without_100,806,450,4
charpy_without_100,807,450,4
charpy_without_100,808,450,4
charpy_without_100,809,450,4
charpy_without_100,899,419,4
charpy_without_100,903,424,4
charpy_without_100,991,432,4
charpy_without_100,992,432,4
charpy_without_100,993,432,4
charpy_without_100,994,432,4
charpy_without_100,996,229,4
charpy_without_100,997,229,4
charpy_without_100,998,229,4
charpy_without_100,999,229,4
charpy_without_100,1006,496,4
charpy_without_100,1007,496,4
charpy_without_100,1008,496,4
charpy_without_100,1009,496,4
charpy_without_100,1028,512,4
charpy_without_100,1030,483,4
charpy_without_100,1205,525,4
charpy_without_100,1206,525,4
charpy_without_100,1207,525,4
charpy_without_100,1209,521,4
charpy_without_100,1210,521,4
charpy_without_100,1211,521,4
charpy_without_100,1233,505,4
charpy_without_100,1234,505,4
charpy_without_100,1235,505,4
charpy_without_100,1236,505,4
charpy_without_100,1237,505,4
charpy_without_100,1271,595,4
charpy_without_100,1272,595,4
charpy_without_100,1273,595,4
charpy_without_100,1274,595,4
charpy_without_100,1275,595,4
charpy_without_100,1337,35,4
charpy_without_100,1338,35,4
charpy_without_100,1339,35,4
charpy_without_100,1340,35,4
charpy_without_100,1341,35,4
charpy_without_100,1342,35,4
charpy_without_100,1343,35,4
charpy_without_100,1344,35,4
charpy_without_100,1345,35,4
charpy_without_100,1368,169,4
charpy_without_100,1369,169,4
charpy_without_100,1370,169,4
charpy_without_100,1371,169,4
charpy_without_100,1372,169,4
charpy_without_100,1373,169,4
charpy_without_100,1374,169,4
charpy_without_100,1375,169,4
charpy_without_100,1376,169,4
charpy_without_100,1504,284,4
charpy_without_100,1507,319,4
charpy_without_100,1522,182,4
charpy_without_100,1528,288,4
charpy_without_100,1534,175,4
charpy_without_100,1537,199,4
charpy_without_100,1543,284,4
charpy_without_100,1567,376,4
charpy_without_100,1570,276,4
charpy_without_100,1579,343,4
charpy_without_100,1618,338,4
charpy_without_100,1624,314,4
charpy_without_100,75,428,5
charpy_without_100,95,217,5
charpy_without_100,99,409,5
charpy_without_100,128,221,5
charpy_without_100,153,194,5
charpy_without_100,165,254,5
charpy_without_100,197,446,5
charpy_without_100,198,446,5
charpy_without_100,275,217,5
charpy_without_100,279,217,5
charpy_without_100,293,409,5
charpy_without_100,297,409,5
charpy_without_100,494,142,5
charpy_without_100,495,142,5
charpy_without_100,496,142,5
charpy_without_100,497,142,5
charpy_without_100,498,142,5
charpy_without_100,500,184,5
charpy_without_100,501,184,5
charpy_without_100,503,184,5
charpy_without_100,504,184,5
charpy_without_100,505,184,5
charpy_without_100,507,189,5
charpy_without_100,508,189,5
charpy_without_100,509,189,5
charpy_without_100,510,189,5
charpy_without_100,511,189,5
charpy_without_100,512,189,5
charpy_without_100,528,489,5
charpy_without_100,529,489,5
charpy_without_100,530,489,5
charpy_without_100,531,489,5
charpy_without_100,532,489,5
charpy_without_100,533,489,5
charpy_without_100,549,604,5
charpy_without_100,550,604,5
charpy_without_100,551,604,5
charpy_without_100,552,604,5
charpy_without_100,553,604,5
charpy_without_100,580,286,5
charpy_without_100,596,207,5
charpy_without_100,612,318,5
charpy_without_100,706,232,5
charpy_without_100,707,232,5
charpy_without_100,817,498,5
charpy_without_100,818,498,5
charpy_without_100,819,498,5
charpy_without_100,820,498,5
charpy_without_100,821,498,5
charpy_without_100,823,586,5
charpy_without_100,824,586,5
charpy_without_100,825,586,5
charpy_without_100,826,586,5
charpy_without_100,827,586,5
charpy_without_100,830,587,5
charpy_without_100,831,587,5
charpy_without_100,832,587,5
charpy_without_100,833,587,5
charpy_without_100,897,423,5
charpy_without_100,898,418,5
charpy_without_100,976,398,5
charpy_without_100,977,398,5
charpy_without_100,978,398,5
charpy_without_100,979,398,5
charpy_without_100,981,490,5
charpy_without_100,982,490,5
charpy_without_100,983,490,5
charpy_without_100,984,490,5
charpy_without_100,1026,510,5
charpy_without_100,1031,480,5
charpy_without_100,1033,262,5
charpy_without_100,1239,162,5
charpy_without_100,1240,162,5
charpy_without_100,1241,162,5
charpy_without_100,1242,162,5
charpy_without_100,1288,434,5
charpy_without_100,1289,434,5
charpy_without_100,1320,76,5
charpy_without_100,1321,76,5
charpy_without_100,1322,76,5
charpy_without_100,1323,76,5
charpy_without_100,1324,76,5
charpy_without_100,1325,76,5
charpy_without_100,1326,76,5
charpy_without_100,1327,76,5
charpy_without_100,1347,75,5
charpy_without_100,1348,75,5
charpy_without_100,1349,75,5
charpy_without_100,1350,75,5
charpy_without_100,1351,75,5
charpy_without_100,1352,75,5
charpy_without_100,1353,75,5
charpy_without_100,1354,75,5
charpy_without_100,1355,75,5
charpy_without_100,1495,181,5
charpy_without_100,1510,240,5
charpy_without_100,1531,174,5
charpy_without_100,1552,375,5
charpy_without_100,1576,273,5
charpy_without_100,1594,342,5
charpy_without_100,1600,313,5
charpy_without_100,1606,297,5
charpy_without_100,1609,335,5
charpy_without_100,1627,391,5
