fraction,fold,model,n_labelled,n_unlabeled_used,MAE,RMSE,R2
0.25,1,RFF supervisé,150,0,57.186155898451894,74.19216766629327,0.2047959908134921
0.25,1,RFF graphe,150,1227,57.17658049371544,74.1805483939706,0.2050450459013552
0.25,2,RFF supervisé,153,0,64.57489738633842,88.16800182847388,0.27284175307458214
0.25,2,RFF graphe,153,1171,64.61068958674402,88.20776305268879,0.2721857504229833
0.25,3,RFF supervisé,162,0,51.14615646533462,75.0179790637038,0.4095611022623028
0.25,3,RFF graphe,162,1167,51.16316417522464,75.03220523710962,0.4093371430809273
0.25,4,RFF supervisé,150,0,52.67596787572971,67.97764233220335,0.456245302626785
0.25,4,RFF graphe,150,1189,52.75986750773374,68.04366250104381,0.4551885960916111
0.25,5,RFF supervisé,148,0,50.70821685307381,69.62286878772059,0.3343092690578303
0.25,5,RFF graphe,148,1218,50.72162547733756,69.66432544854258,0.3335162672272116
0.5,1,RFF supervisé,308,0,50.075972997493906,65.70980034056096,0.37623250997175484
0.5,1,RFF graphe,308,1069,50.07838465346933,65.71460938161034,0.37614120446730237
0.5,2,RFF supervisé,310,0,57.719770708125765,78.69458741370887,0.4207091581323359
0.5,2,RFF graphe,310,1014,57.77753101508141,78.75315823100247,0.419846527913034
0.5,3,RFF supervisé,313,0,49.748107273334085,68.98770321002387,0.5006700537180766
0.5,3,RFF graphe,313,1016,49.764789582346424,69.01669940642827,0.5002502191307157
0.5,4,RFF supervisé,309,0,52.15798474553609,67.81330774252068,0.4588711570044045
0.5,4,RFF graphe,309,1030,52.23165951335014,67.875947584177,0.45787100286612015
0.5,5,RFF supervisé,305,0,49.22874519059106,65.65146339210654,0.40808751086402917
0.5,5,RFF graphe,305,1061,49.22334284171997,65.66132898237046,0.40790960150602196
1.0,1,RFF supervisé,624,0,52.941834046917954,66.58514267164351,0.3595029847605544
1.0,1,RFF graphe,624,753,52.9572240761693,66.58701101890969,0.35946704017627007
1.0,2,RFF supervisé,624,0,61.752254374693806,79.25792224794569,0.41238577138142407
1.0,2,RFF graphe,624,700,61.844020653870125,79.36109187280807,0.41085498695652145
1.0,3,RFF supervisé,624,0,50.48523413206898,68.59914657874386,0.5062789252441517
1.0,3,RFF graphe,624,705,50.489693928031436,68.61533489125817,0.5060458770356902
1.0,4,RFF supervisé,624,0,51.631240222143845,67.50471649234962,0.4637848733456186
1.0,4,RFF graphe,624,715,51.70896521220316,67.58941441948826,0.4624384547861353
1.0,5,RFF supervisé,624,0,48.19436662780989,66.15694715120804,0.39893755475497406
1.0,5,RFF graphe,624,742,48.21801450328744,66.19830067385453,0.39818589316695674
