task,model,target,n,RMSE_rows,MAE_rows,R2_rows,RMSE_groups,MAE_groups,R2_groups,bias_groups
charpy,Bagging,Charpy_toughness_J,879.0,29.03101104739639,18.148920171978197,0.6640661639343082,22.308142178752384,13.765072946068418,0.6924232894721698,1.3423945462284577
charpy,DecisionTree,Charpy_toughness_J,879.0,36.36227924452273,22.620433511246173,0.47297450785293993,30.272186967617444,17.743285956307606,0.4336117508652011,0.8138883968651506
charpy,Dummy_mean,Charpy_toughness_J,879.0,50.2003095925052,38.87052227080518,-0.0044821374939563174,40.46441677299159,30.68025198559136,-0.011982985349189068,4.142912940542115
charpy,ExtraTrees,Charpy_toughness_J,879.0,29.359956403179037,17.21286833253017,0.6564102180098732,21.047286814083964,11.846910113512479,0.7262091822026064,0.47839574401379764
charpy,KNN,Charpy_toughness_J,879.0,31.439211796322343,19.491795812416335,0.6060213152550609,23.842339212100526,13.667750586325358,0.6486626142495451,0.5502141940782865
charpy,OLS,Charpy_toughness_J,879.0,67.97969081568955,31.795799443562423,-0.84199224383389,42.52959516004911,23.166627288077173,-0.11791591194256523,-0.16162198865128002
charpy,RandomForest,Charpy_toughness_J,879.0,28.96876319498752,18.35008717875621,0.665505227914339,21.874898937436456,13.619044985645631,0.7042540875415386,0.8999502158515948
charpy,Ridge,Charpy_toughness_J,879.0,42.914700125380804,29.295394634032483,0.26592304319555626,31.995951735154897,22.974747046434743,0.36727250589496385,0.35286341586954034
charpy,SVR_RBF,Charpy_toughness_J,879.0,32.333751806858736,21.183024325149617,0.5832826066094666,23.460693787382386,15.44415813148642,0.6598203401569329,-0.35666948102177964
charpy_without_100,Bagging,Charpy_toughness_J,523.0,35.28992270258163,21.78347888228194,0.6919802181431851,23.216377161426202,12.069830459075057,0.7738423589335791,1.4382640830529156
charpy_without_100,DecisionTree,Charpy_toughness_J,523.0,41.84775679911518,25.790065411301995,0.5668667133094367,29.051201425976416,14.649644625423013,0.6458799150381818,-0.42780046291290746
charpy_without_100,Dummy_mean,Charpy_toughness_J,523.0,64.18402782496534,55.22274804036093,-0.01889898518348354,54.69858942810766,49.096070795240756,-0.255378302977459,24.04543418678141
charpy_without_100,ExtraTrees,Charpy_toughness_J,523.0,34.40985334693556,20.863835927910827,0.7071516117689691,21.709915272057515,10.024160093738583,0.8022399233691567,0.18533274406352118
charpy_without_100,KNN,Charpy_toughness_J,523.0,35.37711870733633,21.085937899969572,0.6904561980588765,22.457327526082455,9.827167055841677,0.7883888679391837,0.1180442961281352
charpy_without_100,OLS,Charpy_toughness_J,523.0,82.51253102812781,44.79772624538763,-0.6839027759855032,61.04959447979582,30.544223635874634,-0.5638242077362028,-5.299063126521391
charpy_without_100,RandomForest,Charpy_toughness_J,523.0,33.9995283357913,21.38530741157737,0.7140941910803438,22.29621278874264,11.467437204445767,0.7914142834490083,0.7130838166025768
charpy_without_100,Ridge,Charpy_toughness_J,523.0,43.0167353943659,32.18439666519499,0.5423303738969634,31.992540620245624,24.227206124114982,0.570542862810603,3.233663548512595
charpy_without_100,SVR_RBF,Charpy_toughness_J,523.0,39.30000072743399,24.963898866950853,0.6180009247403087,24.288764822497775,13.448058861805219,0.7524669322096662,-0.6284171357557615
strength,Bagging,Elongation_pct,665.0,2.4788087667342165,1.910343185886795,0.7354210861543076,2.562088320728591,1.9742144870681666,0.739815071378489,0.1863708474145704
strength,Bagging,Ultimate_tensile_strength_MPa,665.0,42.82883918010013,28.87808206587899,0.7727028312863395,42.267699969905806,28.851031729686063,0.7773185736465249,-2.2668395659595326
strength,Bagging,Yield_strength_MPa,665.0,47.352843522259185,33.102324753170805,0.6998751275283241,46.835339386728954,32.852747855058,0.6817254670048172,-2.2014777947871846
strength,DecisionTree,Elongation_pct,665.0,3.1726404379352955,2.406356160130596,0.5665780585870893,3.212659064407175,2.43751578748332,0.5909058946257364,0.19677811786578012
strength,DecisionTree,Ultimate_tensile_strength_MPa,665.0,56.29826824989784,40.011838706823674,0.6072542528400204,55.77887337807492,39.52914287852599,0.6122013983529476,-1.8034756669496894
strength,DecisionTree,Yield_strength_MPa,665.0,62.24873835232493,45.27102134457022,0.48135407607239256,62.00734750840553,44.984288951788955,0.44211992052087234,-2.7399059153929284
strength,Dummy_mean,Elongation_pct,665.0,4.844110491428017,3.998930974051671,-0.010409134050091806,5.057126025108437,4.179527552647853,-0.013681442043065983,0.4016241903459951
strength,Dummy_mean,Ultimate_tensile_strength_MPa,665.0,90.15481122513634,71.06303974221267,-0.0071617774439864945,89.86149799259849,70.65779349618636,-0.0065006750162315274,-2.9753139613101953
strength,Dummy_mean,Yield_strength_MPa,665.0,86.72903079145732,67.16127028096557,-0.006789895219575293,83.2413255773758,64.3731788887804,-0.005385277610153061,-1.1686263819722442
strength,ExtraTrees,Elongation_pct,665.0,2.350778619248168,1.7741873712057923,0.762046198973944,2.453617580351308,1.8453010498980735,0.7613795325338663,0.13379192176870786
strength,ExtraTrees,Ultimate_tensile_strength_MPa,665.0,39.24657174423697,24.60473978597287,0.8091356262654767,38.66161429839286,24.813621760690808,0.813694047816716,-2.012033915114865
strength,ExtraTrees,Yield_strength_MPa,665.0,43.35391069734719,29.096634718542383,0.7484256152875653,43.30309678582875,29.24119269365995,0.7279226069712369,-2.156233494525754
strength,Graph_labeled_only,Elongation_pct,665.0,2.8742367592790536,2.1922003624552695,0.6442751039549466,3.026938622598815,2.3095342545245607,0.6368373534519063,0.1389184040965418
strength,Graph_labeled_only,Ultimate_tensile_strength_MPa,665.0,46.98146931610829,29.849144077281846,0.7264891187638406,46.996403009448365,30.541351024566097,0.7247064721913156,0.47360799387512015
strength,Graph_labeled_only,Yield_strength_MPa,665.0,52.74250212330089,35.27464201228554,0.6276671797976616,52.592411703098605,35.592401215032965,0.5986708370671117,-0.22057245583163887
strength,Graph_semi_supervised,Elongation_pct,665.0,2.8754358394910358,2.19113796635396,0.6439782379049439,3.0277208956630326,2.308798145210395,0.6366496198360361,0.13507644557106507
strength,Graph_semi_supervised,Ultimate_tensile_strength_MPa,665.0,47.056654047143695,30.00383765498077,0.7256130160552063,47.0678434695186,30.689319196338804,0.723868874279386,0.5326193982793586
strength,Graph_semi_supervised,Yield_strength_MPa,665.0,52.847046184286604,35.378615822156284,0.6261896707125878,52.69436556817521,35.70831858456322,0.5971133226571731,-0.14827793650014517
strength,KNN,Elongation_pct,665.0,2.584661518124652,1.9325456813324713,0.7123419473581116,2.6046468844780772,1.9388588235255817,0.7310994749874441,0.29856986366627963
strength,KNN,Ultimate_tensile_strength_MPa,665.0,44.66556130256177,28.78023675174139,0.7527894442169567,43.68814395212821,28.087594579440516,0.7621002687006329,-5.204406129561239
strength,KNN,Yield_strength_MPa,665.0,50.6727914490078,33.239110397847206,0.6563158369729771,50.104841426472554,32.80002809598648,0.635737947570923,-5.237931955469406
strength,Nystroem_Ridge_control,Elongation_pct,665.0,2.8758778392471562,2.191594821228858,0.643868777193402,3.027797971644951,2.309055375521594,0.636631120149465,0.13416382966614418
strength,Nystroem_Ridge_control,Ultimate_tensile_strength_MPa,665.0,47.0913028256481,30.09102713044255,0.7252087937751815,47.09546235261206,30.76273446003064,0.7235447179012645,0.5153028087123298
strength,Nystroem_Ridge_control,Yield_strength_MPa,665.0,52.91887018725495,35.438588682204454,0.6251728949050772,52.762699706399815,35.76809777997538,0.5960677169394415,-0.15626785722320563
strength,OLS,Elongation_pct,665.0,3.2890659216356286,2.5469097467559982,0.5341840679962142,3.4072205707763854,2.603907789411367,0.5398552822756069,0.04653422056158469
strength,OLS,Ultimate_tensile_strength_MPa,665.0,47.15486809731074,34.159704308318894,0.7244664500518607,47.75246395954911,34.63048269224144,0.7157775796675949,-1.0047650571345326
strength,OLS,Yield_strength_MPa,665.0,57.794697817313526,42.46593977914557,0.5529193676835691,58.34442177729469,42.93754778615088,0.5060838504078329,-0.3127932753900039
strength,RandomForest,Elongation_pct,665.0,2.499102165726289,1.9319155265230457,0.7310712680323248,2.581947430480976,1.990047060894319,0.7357659788899407,0.12572304850499283
strength,RandomForest,Ultimate_tensile_strength_MPa,665.0,42.52793032003856,28.777762637248582,0.7758855214676537,41.76831399908531,28.628198824704903,0.7825493788207291,-1.2048426925681068
strength,RandomForest,Yield_strength_MPa,665.0,47.11995310858436,33.27452623384691,0.7028200118904946,46.52271710340948,32.93000806379901,0.6859602024021153,-1.1425613813688837
strength,Ridge,Elongation_pct,665.0,3.266238260511667,2.5710455143716446,0.5406275919601218,3.36553521951198,2.6315197570909787,0.5510456104835094,0.03657689854278328
strength,Ridge,Ultimate_tensile_strength_MPa,665.0,50.28554220059099,36.23267816841289,0.6866658770015084,49.74497986724296,36.2681047130699,0.6915638444270391,0.24919561554967953
strength,Ridge,Yield_strength_MPa,665.0,59.5074944614979,44.43993859559317,0.5260274487131998,58.68976827545019,44.289329080201,0.5002194669939506,0.5288093543381881
strength,SVR_RBF,Elongation_pct,665.0,2.4611178153187576,1.8513615979979678,0.7391841437595638,2.5778017932031507,1.9273024331448383,0.7366138187645325,0.07190490517202318
strength,SVR_RBF,Ultimate_tensile_strength_MPa,665.0,31.688018844019663,19.030612112319034,0.8755738698098482,30.903238757025807,19.014108719864538,0.8809649778907878,-1.108310009167892
strength,SVR_RBF,Yield_strength_MPa,665.0,39.149893309397946,25.22139941837773,0.7948502332436866,38.824989977987066,25.42939522009914,0.7812856638259909,-0.9108073151232231
