task,model,outer_fold,target,weighting,RMSE,MAE,R2
strength,Dummy_mean,1,Yield_strength_MPa,rows,102.0419620835987,72.29446972694895,-0.009130370821570644
strength,Dummy_mean,1,Ultimate_tensile_strength_MPa,rows,105.85013331765916,76.046225055119,-0.010203731298343621
strength,Dummy_mean,1,Elongation_pct,rows,4.814457329559024,3.9289388885748204,-0.021643792389987482
strength,Dummy_mean,1,Yield_strength_MPa,groups,99.07894955291974,69.80469107551487,-0.010334915904476993
strength,Dummy_mean,1,Ultimate_tensile_strength_MPa,groups,108.26590335202249,77.09673163887982,-0.015620186558072513
strength,Dummy_mean,1,Elongation_pct,groups,5.180434591117175,4.276919200174349,-0.03761051099543189
strength,OLS,1,Yield_strength_MPa,rows,64.7133977577978,46.58728282013844,0.5941382895449623
strength,OLS,1,Ultimate_tensile_strength_MPa,rows,54.34646270606994,37.64259935359849,0.7337015039604837
strength,OLS,1,Elongation_pct,rows,3.213404707160129,2.445448033602369,0.5448697855015214
strength,OLS,1,Yield_strength_MPa,groups,66.80810503907482,47.925263253787534,0.5406318483571746
strength,OLS,1,Ultimate_tensile_strength_MPa,groups,57.355330333389226,39.51210353564043,0.714966774576579
strength,OLS,1,Elongation_pct,groups,3.3435343122292758,2.525295688159706,0.5677713583088989
strength,Ridge,1,Yield_strength_MPa,rows,65.62862570584157,47.52677308872413,0.5825770764039551
strength,Ridge,1,Ultimate_tensile_strength_MPa,rows,56.97614923569475,38.58071194882433,0.7073069991313433
strength,Ridge,1,Elongation_pct,rows,3.1249721532622114,2.4351510651301016,0.569575364792697
strength,Ridge,1,Yield_strength_MPa,groups,66.48884687482553,48.42908727497954,0.5450117545151671
strength,Ridge,1,Ultimate_tensile_strength_MPa,groups,58.69027151636284,39.412076790054655,0.7015441101407156
strength,Ridge,1,Elongation_pct,groups,3.2705960622832935,2.5423584646097184,0.5864235582989474
strength,KNN,1,Yield_strength_MPa,rows,56.07713073747365,36.5147867700069,0.6952376989363394
strength,KNN,1,Ultimate_tensile_strength_MPa,rows,52.716832327141084,31.99860759830989,0.7494324871488527
strength,KNN,1,Elongation_pct,rows,2.798829827192354,2.146496741660193,0.6547308275943488
strength,KNN,1,Yield_strength_MPa,groups,55.921700002042144,35.264251069843205,0.6781427430670669
strength,KNN,1,Ultimate_tensile_strength_MPa,groups,54.31886195439381,31.065294252371448,0.7443479725410251
strength,KNN,1,Elongation_pct,groups,2.6693431774032246,2.0447841284685,0.7245068555912001
strength,SVR_RBF,1,Yield_strength_MPa,rows,39.43354651653095,25.59910301742332,0.8492971897294307
strength,SVR_RBF,1,Ultimate_tensile_strength_MPa,rows,36.02622164785245,21.623167949161726,0.8829790598592141
strength,SVR_RBF,1,Elongation_pct,rows,2.154924896624116,1.7158653218923496,0.7953229757777869
strength,SVR_RBF,1,Yield_strength_MPa,groups,40.34228667888097,25.484654596422725,0.8324966113514881
strength,SVR_RBF,1,Ultimate_tensile_strength_MPa,groups,38.7603236754423,22.353847326210122,0.8698264626362084
strength,SVR_RBF,1,Elongation_pct,groups,2.1995081075908667,1.794144473169436,0.8129519833236204
strength,DecisionTree,1,Yield_strength_MPa,rows,64.50651437510322,46.439097744360915,0.5967291541949395
strength,DecisionTree,1,Ultimate_tensile_strength_MPa,rows,61.14873121119124,41.42694235588973,0.6628671670508954
strength,DecisionTree,1,Elongation_pct,rows,3.061152010121791,2.2804511278195485,0.5869766459151806
strength,DecisionTree,1,Yield_strength_MPa,groups,65.34396623722125,45.38016304347826,0.560545861965494
strength,DecisionTree,1,Ultimate_tensile_strength_MPa,groups,63.465908949071896,40.83804347826087,0.650997188812243
strength,DecisionTree,1,Elongation_pct,groups,3.0238962483080334,2.242164855072464,0.6464622890729516
strength,Bagging,1,Yield_strength_MPa,rows,52.46679867519206,32.35821114881359,0.7332165972965977
strength,Bagging,1,Ultimate_tensile_strength_MPa,rows,51.50067718755681,29.027358869305296,0.7608601079192776
strength,Bagging,1,Elongation_pct,rows,2.402848281423081,1.8311886493831981,0.7455177380352178
strength,Bagging,1,Yield_strength_MPa,groups,54.31121552109787,32.84994098215593,0.6964140836577757
strength,Bagging,1,Ultimate_tensile_strength_MPa,groups,55.88344275196646,30.67311698572161,0.7294084544177241
strength,Bagging,1,Elongation_pct,groups,2.484525939218841,1.8876916152989522,0.7613348301726535
strength,RandomForest,1,Yield_strength_MPa,rows,54.12687113128248,34.004259087835024,0.716067228748409
strength,RandomForest,1,Ultimate_tensile_strength_MPa,rows,52.7538033078757,30.51452075896813,0.7490809115831157
strength,RandomForest,1,Elongation_pct,rows,2.4988301959807018,1.9305798903825218,0.7247810666305552
strength,RandomForest,1,Yield_strength_MPa,groups,55.0322604536002,33.83677878247625,0.6882996581126599
strength,RandomForest,1,Ultimate_tensile_strength_MPa,groups,56.130440514556014,31.522728720956984,0.7270112073876038
strength,RandomForest,1,Elongation_pct,groups,2.578302563621136,1.981577875851336,0.7429783341102674
strength,ExtraTrees,1,Yield_strength_MPa,rows,48.490808276925485,29.67976056808688,0.7721187872515841
strength,ExtraTrees,1,Ultimate_tensile_strength_MPa,rows,47.29384126124851,25.93210810359232,0.7983327722173016
strength,ExtraTrees,1,Elongation_pct,rows,2.276222225854101,1.8220872180451124,0.7716325849822502
strength,ExtraTrees,1,Yield_strength_MPa,groups,50.93215545079525,29.782010144927526,0.7330151077879248
strength,ExtraTrees,1,Ultimate_tensile_strength_MPa,groups,51.60325805193008,26.95829778582931,0.7692710120020063
strength,ExtraTrees,1,Elongation_pct,groups,2.3456699525368268,1.874836111111111,0.7872665503317046
strength,Nystroem_Ridge_control,1,Yield_strength_MPa,rows,62.25500489544677,38.43930260748391,0.6243890723679787
strength,Nystroem_Ridge_control,1,Ultimate_tensile_strength_MPa,rows,60.59513437945146,33.483989247585725,0.6689438535710863
strength,Nystroem_Ridge_control,1,Elongation_pct,rows,2.940698994791794,2.3000760774733764,0.6188411895511714
strength,Nystroem_Ridge_control,1,Yield_strength_MPa,groups,62.68448309360376,37.762114074420445,0.5955892673257781
strength,Nystroem_Ridge_control,1,Ultimate_tensile_strength_MPa,groups,63.32202103029731,33.709899723210945,0.6525778913799154
strength,Nystroem_Ridge_control,1,Elongation_pct,groups,3.1358584062422676,2.469028622853122,0.6197975923781924
strength,Graph_labeled_only,1,Yield_strength_MPa,rows,62.29717560509023,38.47727627412284,0.6238800323567446
strength,Graph_labeled_only,1,Ultimate_tensile_strength_MPa,rows,60.64212173109332,33.510608686511034,0.6684302320463462
strength,Graph_labeled_only,1,Elongation_pct,rows,2.940192792088886,2.301815095839289,0.6189724012216438
strength,Graph_labeled_only,1,Yield_strength_MPa,groups,62.7097210256741,37.794742282781286,0.5952635552912564
strength,Graph_labeled_only,1,Ultimate_tensile_strength_MPa,groups,63.35630152279114,33.73524982025748,0.6522016233902563
strength,Graph_labeled_only,1,Elongation_pct,groups,3.1353914947848924,2.4704687924073685,0.6199108038956285
strength,Graph_semi_supervised,1,Yield_strength_MPa,rows,62.27057343626273,38.462438264353025,0.6242011856187355
strength,Graph_semi_supervised,1,Ultimate_tensile_strength_MPa,rows,60.612164582158385,33.49991837673937,0.6687577414150723
strength,Graph_semi_supervised,1,Elongation_pct,rows,2.9405108071950217,2.300975239801253,0.6188899718750498
strength,Graph_semi_supervised,1,Yield_strength_MPa,groups,62.694055575402686,37.782295154969674,0.5954657436155617
strength,Graph_semi_supervised,1,Ultimate_tensile_strength_MPa,groups,63.33491508683316,33.725079851681414,0.652436388113633
strength,Graph_semi_supervised,1,Elongation_pct,groups,3.1356866707980746,2.46975138107467,0.6198392348460444
strength,Dummy_mean,2,Yield_strength_MPa,rows,77.93979528779482,63.7959339137317,-0.04319471104279704
strength,Dummy_mean,2,Ultimate_tensile_strength_MPa,rows,82.46972165053992,69.23820736050654,-0.02035647589940215
strength,Dummy_mean,2,Elongation_pct,rows,4.9148914349154165,4.073589518910056,-0.02441992886474109
strength,Dummy_mean,2,Yield_strength_MPa,groups,79.76219153931845,65.12600114416476,-0.01865955231194527
strength,Dummy_mean,2,Ultimate_tensile_strength_MPa,groups,87.55957159341604,72.68216056445462,-0.0038427479532765485
strength,Dummy_mean,2,Elongation_pct,groups,5.29069385964713,4.399600223384548,-0.0015289335274937255
strength,OLS,2,Yield_strength_MPa,rows,54.64712586887459,40.93962061806368,0.4871604553663821
strength,OLS,2,Ultimate_tensile_strength_MPa,rows,42.67241700571969,33.70683243621378,0.7268146836063707
strength,OLS,2,Elongation_pct,rows,3.2574473456878117,2.6237908947388506,0.5500078175077441
strength,OLS,2,Yield_strength_MPa,groups,55.35593228135362,41.02633173809384,0.5093596690827273
strength,OLS,2,Ultimate_tensile_strength_MPa,groups,43.654693281790394,34.237659648084225,0.750471410162283
strength,OLS,2,Elongation_pct,groups,3.3700535123799567,2.689996344246572,0.5936391783815481
strength,Ridge,2,Yield_strength_MPa,rows,52.268993945678126,39.41014268714537,0.5308247035463647
strength,Ridge,2,Ultimate_tensile_strength_MPa,rows,41.294933640598266,31.59573691163098,0.7441670888298344
strength,Ridge,2,Elongation_pct,rows,3.1139000973871553,2.5314750344791648,0.5887939360803369
strength,Ridge,2,Yield_strength_MPa,groups,53.417693566762814,39.77278906845404,0.5431168192230554
strength,Ridge,2,Ultimate_tensile_strength_MPa,groups,43.09583343289429,32.572367513440085,0.7568193596043358
strength,Ridge,2,Elongation_pct,groups,3.2365618866791017,2.5977747967084985,0.6251944035209146
strength,KNN,2,Yield_strength_MPa,rows,39.0818691234328,25.873432234955278,0.7377004732056398
strength,KNN,2,Ultimate_tensile_strength_MPa,rows,32.17116625411374,22.698750199717274,0.844726809179659
strength,KNN,2,Elongation_pct,rows,2.5111294490276026,1.9412194521069563,0.7325834000320909
strength,KNN,2,Yield_strength_MPa,groups,41.67634294409011,26.825465632875964,0.7218915964881245
strength,KNN,2,Ultimate_tensile_strength_MPa,groups,34.268166249679986,24.050721911132555,0.8462411365183131
strength,KNN,2,Elongation_pct,groups,2.5921043425999915,2.013499197222877,0.7595951665849283
strength,SVR_RBF,2,Yield_strength_MPa,rows,36.978509353724334,26.1517028274358,0.7651742838199207
strength,SVR_RBF,2,Ultimate_tensile_strength_MPa,rows,26.450005446642876,18.399039584720878,0.8950422772612837
strength,SVR_RBF,2,Elongation_pct,rows,2.406311778075321,1.7731097558000064,0.7544420755743146
strength,SVR_RBF,2,Yield_strength_MPa,groups,38.98600346489666,27.19864735666723,0.756638238651417
strength,SVR_RBF,2,Ultimate_tensile_strength_MPa,groups,28.459397575123514,19.727682072685134,0.8939502045052916
strength,SVR_RBF,2,Elongation_pct,groups,2.5379446956729823,1.834100638878034,0.7695362925491916
strength,DecisionTree,2,Yield_strength_MPa,rows,62.08173557574924,46.05648516896637,0.3381271687881273
strength,DecisionTree,2,Ultimate_tensile_strength_MPa,rows,55.46738971738145,40.77222611557199,0.5384292018985084
strength,DecisionTree,2,Elongation_pct,rows,3.2498347596714763,2.630402354537693,0.5521086044432006
strength,DecisionTree,2,Yield_strength_MPa,groups,64.91135636014256,47.72273364920104,0.3253534963556737
strength,DecisionTree,2,Ultimate_tensile_strength_MPa,groups,59.84267666120077,43.726963875496494,0.5310997644091309
strength,DecisionTree,2,Elongation_pct,groups,3.349157385053167,2.7223165994633387,0.5986628623894281
strength,Bagging,2,Yield_strength_MPa,rows,41.52440752125256,30.844787300231104,0.7038895432907025
strength,Bagging,2,Ultimate_tensile_strength_MPa,rows,33.303244153103584,25.00622186852413,0.8336066558394505
strength,Bagging,2,Elongation_pct,rows,2.422168539012019,1.875003963914114,0.7511951292875094
strength,Bagging,2,Yield_strength_MPa,groups,43.79646556565165,31.969056008846227,0.692876510613041
strength,Bagging,2,Ultimate_tensile_strength_MPa,groups,36.063383845810925,27.365555584964557,0.8297091243771383
strength,Bagging,2,Elongation_pct,groups,2.590618994218719,1.9930944640504427,0.7598706050497027
strength,RandomForest,2,Yield_strength_MPa,rows,40.627873797809634,30.949081020552832,0.716537871118107
strength,RandomForest,2,Ultimate_tensile_strength_MPa,rows,32.38582569696126,24.805414158231077,0.8426478012222276
strength,RandomForest,2,Elongation_pct,rows,2.465614710265939,1.9143221337976981,0.7421895094710965
strength,RandomForest,2,Yield_strength_MPa,groups,42.12006234910356,31.744868116203445,0.7159381464074767
strength,RandomForest,2,Ultimate_tensile_strength_MPa,groups,34.58510788773034,26.659451831723032,0.84338379386094
strength,RandomForest,2,Elongation_pct,groups,2.6290056509429762,2.010393229395403,0.7527016179680719
strength,ExtraTrees,2,Yield_strength_MPa,rows,37.333894888554255,26.897063352826518,0.7606389640385631
strength,ExtraTrees,2,Ultimate_tensile_strength_MPa,rows,28.84669271915007,20.96037371205793,0.8751596652827097
strength,ExtraTrees,2,Elongation_pct,rows,2.3786567788917097,1.7644652186020608,0.7600538847980238
strength,ExtraTrees,2,Yield_strength_MPa,groups,39.7284038860355,27.86882377214172,0.7472814386779478
strength,ExtraTrees,2,Ultimate_tensile_strength_MPa,groups,31.001966455977332,22.9082782809984,0.8741547250643233
strength,ExtraTrees,2,Elongation_pct,groups,2.5722297709264805,1.8746567431562005,0.7632675696844116
strength,Nystroem_Ridge_control,2,Yield_strength_MPa,rows,49.35375632149329,35.12410069396039,0.5817005630846925
strength,Nystroem_Ridge_control,2,Ultimate_tensile_strength_MPa,rows,38.8334004668848,26.621779615276427,0.7737577503656253
strength,Nystroem_Ridge_control,2,Elongation_pct,rows,3.0821557270215587,2.2762468246768646,0.5971352064746789
strength,Nystroem_Ridge_control,2,Yield_strength_MPa,groups,52.9137090579324,37.54303156165883,0.5516973397805693
strength,Nystroem_Ridge_control,2,Ultimate_tensile_strength_MPa,groups,42.84041088704973,29.95534590386452,0.7596934076823505
strength,Nystroem_Ridge_control,2,Elongation_pct,groups,3.348961648792234,2.4720538850230507,0.5987097720601962
strength,Graph_labeled_only,2,Yield_strength_MPa,rows,49.38178312362114,35.13751688359344,0.5812253439647892
strength,Graph_labeled_only,2,Ultimate_tensile_strength_MPa,rows,38.85654050524364,26.636190620918917,0.7734880436665937
strength,Graph_labeled_only,2,Elongation_pct,rows,3.0825833335359825,2.278522086432259,0.5970234148747229
strength,Graph_labeled_only,2,Yield_strength_MPa,groups,52.93324042409008,37.54947093445262,0.5513663261528735
strength,Graph_labeled_only,2,Ultimate_tensile_strength_MPa,groups,42.861668749810455,29.9679976434223,0.7594548631924055
strength,Graph_labeled_only,2,Elongation_pct,groups,3.349113931317815,2.4738381628260875,0.5986732766415068
strength,Graph_semi_supervised,2,Yield_strength_MPa,rows,49.362063859012366,35.12930858221821,0.5815597296002466
strength,Graph_semi_supervised,2,Ultimate_tensile_strength_MPa,rows,38.84161183168941,26.626532169903047,0.7736620619100141
strength,Graph_semi_supervised,2,Elongation_pct,rows,3.082363442326455,2.277270917883385,0.5970809042196417
strength,Graph_semi_supervised,2,Yield_strength_MPa,groups,52.919274898951684,37.54466831545832,0.5516030234829518
strength,Graph_semi_supervised,2,Ultimate_tensile_strength_MPa,groups,42.84886298931365,29.959507991842784,0.7595985768340394
strength,Graph_semi_supervised,2,Elongation_pct,groups,3.348993129591527,2.472767246872467,0.5987022276342966
strength,Dummy_mean,3,Yield_strength_MPa,rows,85.35565790500065,69.01408502459154,-0.0006572856860580512
strength,Dummy_mean,3,Ultimate_tensile_strength_MPa,rows,85.56502260861753,71.45024591554075,-0.010793976491887847
strength,Dummy_mean,3,Elongation_pct,rows,4.879604281111876,4.120864661654136,-0.009797226708242679
strength,Dummy_mean,3,Yield_strength_MPa,groups,82.29309466949304,65.54347008826414,-0.00013517372287119578
strength,Dummy_mean,3,Ultimate_tensile_strength_MPa,groups,84.46907605185424,69.98431404598453,-0.0021999794608498213
strength,Dummy_mean,3,Elongation_pct,groups,4.971935929259363,4.141967009916095,-0.00014985745815421225
strength,OLS,3,Yield_strength_MPa,rows,60.63372863964663,41.756213461276126,0.49504894372035535
strength,OLS,3,Ultimate_tensile_strength_MPa,rows,43.30911096251597,31.940366617935396,0.7410424104812882
strength,OLS,3,Elongation_pct,rows,3.193886830421215,2.5381856283447366,0.5673825694522705
strength,OLS,3,Yield_strength_MPa,groups,63.79226747925577,44.19983119447319,0.3990089688295584
strength,OLS,3,Ultimate_tensile_strength_MPa,groups,44.9431097387179,33.36487585568803,0.7162831428729479
strength,OLS,3,Elongation_pct,groups,3.301849423693357,2.6019715222794444,0.5589086324995969
strength,Ridge,3,Yield_strength_MPa,rows,62.321580779510754,48.2344536101774,0.4665451662254132
strength,Ridge,3,Ultimate_tensile_strength_MPa,rows,49.060753454001485,39.388721519734254,0.6676937315960747
strength,Ridge,3,Elongation_pct,rows,3.2727005087017997,2.7480993840608012,0.545768242794831
strength,Ridge,3,Yield_strength_MPa,groups,63.47007919753493,48.78307094617511,0.4050643513128047
strength,Ridge,3,Ultimate_tensile_strength_MPa,groups,49.96368786493487,40.60244681856477,0.6493548186619138
strength,Ridge,3,Elongation_pct,groups,3.3765724344082746,2.832229277047566,0.5387183571737377
strength,KNN,3,Yield_strength_MPa,rows,52.67337380801545,31.041432882118034,0.6189315386827718
strength,KNN,3,Ultimate_tensile_strength_MPa,rows,38.6469545879682,24.1453798128052,0.7937943028482785
strength,KNN,3,Elongation_pct,rows,2.26743597633261,1.704292651180568,0.7819605727744477
strength,KNN,3,Yield_strength_MPa,groups,55.684988850045166,32.711695989886486,0.542060414864052
strength,KNN,3,Ultimate_tensile_strength_MPa,groups,41.18757691713497,25.64238411020689,0.7617179170018251
strength,KNN,3,Elongation_pct,groups,2.429761081722288,1.811579138396039,0.7611412399323721
strength,SVR_RBF,3,Yield_strength_MPa,rows,41.26177686633448,24.47545446901257,0.7661611934569501
strength,SVR_RBF,3,Ultimate_tensile_strength_MPa,rows,27.60211677813326,17.241085762181182,0.8948147401368086
strength,SVR_RBF,3,Elongation_pct,rows,2.493700596536611,1.8624517425436191,0.736273613254289
strength,SVR_RBF,3,Yield_strength_MPa,groups,44.20079491802371,27.162938558801553,0.7114692716590478
strength,SVR_RBF,3,Ultimate_tensile_strength_MPa,groups,31.072133114942062,19.705614407138707,0.8643870886533359
strength,SVR_RBF,3,Elongation_pct,groups,2.741000407762731,2.036337213808933,0.6960289450555459
strength,DecisionTree,3,Yield_strength_MPa,rows,60.00629544388583,42.74335839598998,0.5054452637759089
strength,DecisionTree,3,Ultimate_tensile_strength_MPa,rows,48.65167794125483,35.04273182957394,0.673212261621223
strength,DecisionTree,3,Elongation_pct,rows,3.0730506586903497,2.2349624060150375,0.5994982616403843
strength,DecisionTree,3,Yield_strength_MPa,groups,59.27310109387752,43.13985507246377,0.48114356011444104
strength,DecisionTree,3,Ultimate_tensile_strength_MPa,groups,47.595299994030285,34.91739130434783,0.6818096245730476
strength,DecisionTree,3,Elongation_pct,groups,3.240226152496716,2.3973731884057976,0.5752193977006076
strength,Bagging,3,Yield_strength_MPa,rows,47.76620627512797,35.1635371383003,0.6866265253541064
strength,Bagging,3,Ultimate_tensile_strength_MPa,rows,38.133794643040936,29.220441734205647,0.7992340060158253
strength,Bagging,3,Elongation_pct,rows,2.4245140224966613,1.9033602130325815,0.7507045415424713
strength,Bagging,3,Yield_strength_MPa,groups,49.54162183491889,36.03322031678065,0.6375297627342533
strength,Bagging,3,Ultimate_tensile_strength_MPa,groups,39.386920622816454,29.895183311374616,0.7820971263831205
strength,Bagging,3,Elongation_pct,groups,2.5506742958755764,1.9874838411940312,0.7367768744442975
strength,RandomForest,3,Yield_strength_MPa,rows,46.93262625210739,33.843229267251814,0.6974686065782669
strength,RandomForest,3,Ultimate_tensile_strength_MPa,rows,36.940946663975105,27.67975083162451,0.8115977228487339
strength,RandomForest,3,Elongation_pct,rows,2.3530930868733546,1.8606668802236472,0.7651756211885753
strength,RandomForest,3,Yield_strength_MPa,groups,49.629520337176466,35.22627600090797,0.6362424066129695
strength,RandomForest,3,Ultimate_tensile_strength_MPa,groups,38.741255448359745,28.862621012183602,0.7891826826303938
strength,RandomForest,3,Elongation_pct,groups,2.4893195030336157,1.953175120816516,0.7492878889212049
strength,ExtraTrees,3,Yield_strength_MPa,rows,41.50648616270106,28.3765372598162,0.76337933491057
strength,ExtraTrees,3,Ultimate_tensile_strength_MPa,rows,33.13372497704867,23.367148120300726,0.8484309137059658
strength,ExtraTrees,3,Elongation_pct,rows,2.2335077409909316,1.7212621136173767,0.7884369154569456
strength,ExtraTrees,3,Yield_strength_MPa,groups,45.35610787281515,30.94454826892109,0.6961890159813283
strength,ExtraTrees,3,Ultimate_tensile_strength_MPa,groups,36.30167023918262,25.5030260869565,0.81489757145785
strength,ExtraTrees,3,Elongation_pct,groups,2.418864331364372,1.8507706320450883,0.7632788558033465
strength,Nystroem_Ridge_control,3,Yield_strength_MPa,rows,50.77965825308638,35.715112746113206,0.6458393704474372
strength,Nystroem_Ridge_control,3,Ultimate_tensile_strength_MPa,rows,41.90743911774871,31.45443793880601,0.7575331603480556
strength,Nystroem_Ridge_control,3,Elongation_pct,rows,2.438917794829892,1.9626742006655706,0.7477336688199767
strength,Nystroem_Ridge_control,3,Yield_strength_MPa,groups,56.539900341403325,39.680006554002205,0.5278913152920648
strength,Nystroem_Ridge_control,3,Ultimate_tensile_strength_MPa,groups,46.78174678701836,35.09883317201768,0.6925944034921552
strength,Nystroem_Ridge_control,3,Elongation_pct,groups,2.602303881195419,2.0943368172477803,0.7260129418235836
strength,Graph_labeled_only,3,Yield_strength_MPa,rows,50.20789018696043,35.17435443860099,0.6537700145133079
strength,Graph_labeled_only,3,Ultimate_tensile_strength_MPa,rows,41.414468138550895,30.600659704209033,0.7632040430235031
strength,Graph_labeled_only,3,Elongation_pct,rows,2.430571367685944,1.9555807126964062,0.7494573183952054
strength,Graph_labeled_only,3,Yield_strength_MPa,groups,55.949413116473764,39.033609895268576,0.5377009691834016
strength,Graph_labeled_only,3,Ultimate_tensile_strength_MPa,groups,46.353781207670586,34.27764038157983,0.6981930509820957
strength,Graph_labeled_only,3,Elongation_pct,groups,2.597796798022754,2.0898551910046974,0.7269611885564604
strength,Graph_semi_supervised,3,Yield_strength_MPa,rows,50.48694385446082,35.46445208108044,0.6499106512494894
strength,Graph_semi_supervised,3,Ultimate_tensile_strength_MPa,rows,41.65423930229315,31.07197486772701,0.7604542214786794
strength,Graph_semi_supervised,3,Elongation_pct,rows,2.4351903371378034,1.9562606612626636,0.7485041691850454
strength,Graph_semi_supervised,3,Yield_strength_MPa,groups,56.252330248933426,39.42054413484686,0.532681528178597
strength,Graph_semi_supervised,3,Ultimate_tensile_strength_MPa,groups,46.57242382355297,34.766523647797264,0.6953391958852335
strength,Graph_semi_supervised,3,Elongation_pct,groups,2.6015724251756023,2.0912317877076267,0.7261669448352511
strength,Dummy_mean,4,Yield_strength_MPa,rows,88.24833896826313,72.4563344451354,-0.009284155939318639
strength,Dummy_mean,4,Ultimate_tensile_strength_MPa,rows,87.99855853318104,72.45314602295211,-0.012269034832561143
strength,Dummy_mean,4,Elongation_pct,rows,4.802339572954127,4.057001526372321,-0.022283621593634395
strength,Dummy_mean,4,Yield_strength_MPa,groups,81.50096229004278,66.20413803325518,-0.005780477595558775
strength,Dummy_mean,4,Ultimate_tensile_strength_MPa,groups,85.33629612534364,69.03740803621959,-0.0046218114644065444
strength,Dummy_mean,4,Elongation_pct,groups,4.8277464658493,4.054659498207885,-0.0002524963668730784
strength,OLS,4,Yield_strength_MPa,rows,52.08032508904664,38.16006890146839,0.6484818539457256
strength,OLS,4,Ultimate_tensile_strength_MPa,rows,45.030866926021766,29.962704821088167,0.7349270254422946
strength,OLS,4,Elongation_pct,rows,3.459636703617112,2.5499704892159554,0.4694495792816723
strength,OLS,4,Yield_strength_MPa,groups,49.16723135941419,37.22935750284742,0.6339594192825221
strength,OLS,4,Ultimate_tensile_strength_MPa,groups,44.830006903765316,29.553473900359144,0.7227493096693989
strength,OLS,4,Elongation_pct,groups,3.5831577006949527,2.553013082073324,0.448998755248012
strength,Ridge,4,Yield_strength_MPa,rows,53.35752436124331,39.844935750788366,0.6310294370839785
strength,Ridge,4,Ultimate_tensile_strength_MPa,rows,45.5250243138555,30.355282213334366,0.7290774164487861
strength,Ridge,4,Elongation_pct,rows,3.277142974551274,2.42116331676178,0.5239457468012749
strength,Ridge,4,Yield_strength_MPa,groups,51.100025908807325,39.485752605440034,0.6046152002225967
strength,Ridge,4,Ultimate_tensile_strength_MPa,groups,46.539456187850625,30.690179061451598,0.7012020364637659
strength,Ridge,4,Elongation_pct,groups,3.303137071918011,2.3858891988718813,0.5317541605951969
strength,KNN,4,Yield_strength_MPa,rows,52.26258272750818,37.753885203302744,0.6460172391557779
strength,KNN,4,Ultimate_tensile_strength_MPa,rows,48.75915812383169,34.30249208432597,0.6892170157897313
strength,KNN,4,Elongation_pct,rows,2.733298689950932,2.026637349241856,0.6688384872389317
strength,KNN,4,Yield_strength_MPa,groups,52.08665236479294,37.76404807395405,0.5891998243920243
strength,KNN,4,Ultimate_tensile_strength_MPa,groups,47.09276173505755,32.96498641686118,0.6940550104989383
strength,KNN,4,Elongation_pct,groups,2.829506755821294,2.0735639345006067,0.656408663180817
strength,SVR_RBF,4,Yield_strength_MPa,rows,38.59434535912061,24.204279461247836,0.8069598111783137
strength,SVR_RBF,4,Ultimate_tensile_strength_MPa,rows,27.68870542281758,17.039057582501215,0.8997809832786652
strength,SVR_RBF,4,Elongation_pct,rows,2.775189178909676,2.094861585745703,0.6586099507605077
strength,SVR_RBF,4,Yield_strength_MPa,groups,37.446408728272424,24.860538817879586,0.7876764948179953
strength,SVR_RBF,4,Ultimate_tensile_strength_MPa,groups,26.330003481734426,16.722833235321016,0.9043605967236948
strength,SVR_RBF,4,Elongation_pct,groups,2.9276163588638617,2.207044261176856,0.6321683754755555
strength,DecisionTree,4,Yield_strength_MPa,rows,55.389222537119075,40.531328320802004,0.6023958445213198
strength,DecisionTree,4,Ultimate_tensile_strength_MPa,rows,52.04078809675151,37.82406015037594,0.6459761136901924
strength,DecisionTree,4,Elongation_pct,rows,2.872429292736567,2.233458646616541,0.6342668173086565
strength,DecisionTree,4,Yield_strength_MPa,groups,55.991159616471,40.48154121863799,0.5253028188103438
strength,DecisionTree,4,Ultimate_tensile_strength_MPa,groups,49.915336325401,36.39569892473118,0.6562814048400178
strength,DecisionTree,4,Elongation_pct,groups,2.7948191423116775,2.1701612903225804,0.6647813651790107
strength,Bagging,4,Yield_strength_MPa,rows,42.48476762896962,32.90361311666612,0.766080261075462
strength,Bagging,4,Ultimate_tensile_strength_MPa,rows,38.82675311968716,29.723538980025815,0.8029361405270431
strength,Bagging,4,Elongation_pct,rows,2.387521614661013,1.8958528084279964,0.7473261513551983
strength,Bagging,4,Yield_strength_MPa,groups,40.87468845119666,32.27518596719887,0.7470197371365808
strength,Bagging,4,Ultimate_tensile_strength_MPa,groups,36.60868863482127,28.520299050799856,0.8151142798896807
strength,Bagging,4,Elongation_pct,groups,2.441769765644755,1.938665624563608,0.7441236431630845
strength,RandomForest,4,Yield_strength_MPa,rows,42.40492851486012,33.01041568151982,0.7669586180711536
strength,RandomForest,4,Ultimate_tensile_strength_MPa,rows,38.73802077649627,29.673604938934645,0.8038358272608848
strength,RandomForest,4,Elongation_pct,rows,2.4111144864816794,1.9116166963223353,0.7423077626557708
strength,RandomForest,4,Yield_strength_MPa,groups,41.023923338342,32.43719847424579,0.7451690856924982
strength,RandomForest,4,Ultimate_tensile_strength_MPa,groups,36.7154160867943,28.530834847191844,0.8140346921724412
strength,RandomForest,4,Elongation_pct,groups,2.443285488900432,1.9377747120462174,0.7438058751860941
strength,ExtraTrees,4,Yield_strength_MPa,rows,41.775238466466355,31.595014345387256,0.7738283056852683
strength,ExtraTrees,4,Ultimate_tensile_strength_MPa,rows,37.71014646590001,27.147223785654624,0.8141077542949278
strength,ExtraTrees,4,Elongation_pct,rows,2.304150782598558,1.786345029239766,0.7646644902158477
strength,ExtraTrees,4,Yield_strength_MPa,groups,41.142361045849384,31.70406737782328,0.7436955475927391
strength,ExtraTrees,4,Ultimate_tensile_strength_MPa,groups,35.69074492401862,26.229899977242997,0.8242698621733333
strength,ExtraTrees,4,Elongation_pct,groups,2.3338790456085556,1.8155533339022585,0.7662361107155687
strength,Nystroem_Ridge_control,4,Yield_strength_MPa,rows,48.08077923898078,34.37941167174864,0.7003989222246886
strength,Nystroem_Ridge_control,4,Ultimate_tensile_strength_MPa,rows,40.333654160002474,29.336461694259064,0.787342856543472
strength,Nystroem_Ridge_control,4,Elongation_pct,rows,2.8749259621358028,2.191373315588406,0.6336307621895987
strength,Nystroem_Ridge_control,4,Yield_strength_MPa,groups,45.88353451806974,33.38543185737632,0.6812197116879624
strength,Nystroem_Ridge_control,4,Ultimate_tensile_strength_MPa,groups,39.18777516205817,28.988745744199914,0.7881462089443965
strength,Nystroem_Ridge_control,4,Elongation_pct,groups,3.000058103797834,2.2747350809823996,0.6137397059321712
strength,Graph_labeled_only,4,Yield_strength_MPa,rows,48.09143716731538,34.50694879913437,0.7002660840813776
strength,Graph_labeled_only,4,Ultimate_tensile_strength_MPa,rows,40.20394911765034,29.238489177517728,0.7887083838737456
strength,Graph_labeled_only,4,Elongation_pct,rows,2.883261514335915,2.2054687955483274,0.6315031824421964
strength,Graph_labeled_only,4,Yield_strength_MPa,groups,45.908597508352194,33.49108315750824,0.6808713614821362
strength,Graph_labeled_only,4,Ultimate_tensile_strength_MPa,groups,39.06545802150741,28.91944266521186,0.7894666670744359
strength,Graph_labeled_only,4,Elongation_pct,groups,3.000696500222502,2.279614399277757,0.6135753001650736
strength,Graph_semi_supervised,4,Yield_strength_MPa,rows,48.07738982231295,34.43625620748358,0.700441161019912
strength,Graph_semi_supervised,4,Ultimate_tensile_strength_MPa,rows,40.30083085115588,29.2815190537433,0.7876888341671293
strength,Graph_semi_supervised,4,Elongation_pct,rows,2.877443316559911,2.1965189163666308,0.6329888778283048
strength,Graph_semi_supervised,4,Yield_strength_MPa,groups,45.899564907966216,33.44378154849096,0.6809969274129323
strength,Graph_semi_supervised,4,Ultimate_tensile_strength_MPa,groups,39.175954244667444,28.94577745597406,0.7882740002488553
strength,Graph_semi_supervised,4,Elongation_pct,groups,2.9994835591947453,2.2762517399281523,0.6138876380783015
strength,Dummy_mean,5,Yield_strength_MPa,rows,77.77591225887892,58.24552829442026,-0.04897164889939254
strength,Dummy_mean,5,Ultimate_tensile_strength_MPa,rows,86.99899324006674,66.12737435694498,-0.05312757994589501
strength,Dummy_mean,5,Elongation_pct,rows,4.808208788775588,3.814260274747017,-0.07220413569302475
strength,Dummy_mean,5,Yield_strength_MPa,groups,71.2435858880848,55.266676098849274,-0.028225383835688067
strength,Dummy_mean,5,Ultimate_tensile_strength_MPa,groups,81.20751515412887,64.57211476271323,-0.04339168178664887
strength,Dummy_mean,5,Elongation_pct,groups,5.004734434617813,4.0275015495728566,-0.07984404092873598
strength,OLS,5,Yield_strength_MPa,rows,56.01958544793301,44.886513094781236,0.4558065575678826
strength,OLS,5,Ultimate_tensile_strength_MPa,rows,49.39612005136622,37.54601831275863,0.6605012281904573
strength,OLS,5,Elongation_pct,rows,3.3140369575253588,2.57715368787808,0.49063917917081157
strength,OLS,5,Yield_strength_MPa,groups,54.96158983630909,44.35360882034701,0.3880508252244639
strength,OLS,5,Ultimate_tensile_strength_MPa,groups,46.69620549280385,36.51895848877612,0.6550007830444363
strength,OLS,5,Elongation_pct,groups,3.4282817918798654,2.649321882195115,0.4932987389807604
strength,Ridge,5,Yield_strength_MPa,rows,62.7338856478496,47.183387841130546,0.31753890477190416
strength,Ridge,5,Ultimate_tensile_strength_MPa,rows,56.675746820629186,41.242938248540526,0.5530622526764932
strength,Ridge,5,Elongation_pct,rows,3.5255499431537776,2.7193387714263766,0.4235460960176195
strength,Ridge,5,Yield_strength_MPa,groups,57.61063852512458,45.02021389357999,0.3276395527608218
strength,Ridge,5,Ultimate_tensile_strength_MPa,groups,49.1197705405342,38.10412625262172,0.6182600738701076
strength,Ridge,5,Elongation_pct,groups,3.6242128792364183,2.800183642487044,0.43372634181113556
strength,KNN,5,Yield_strength_MPa,rows,51.58255537074316,35.01201489885307,0.5385982589570574
strength,KNN,5,Ultimate_tensile_strength_MPa,rows,47.85364023496524,30.755954063548593,0.6813730597860062
strength,KNN,5,Elongation_pct,rows,2.578947201817441,1.844082212472782,0.6915422089275922
strength,KNN,5,Yield_strength_MPa,groups,43.34911058791031,31.395984319874266,0.6193225403315437
strength,KNN,5,Ultimate_tensile_strength_MPa,groups,38.79824308437691,26.676904664000293,0.7618343931502194
strength,KNN,5,Elongation_pct,groups,2.481971497464433,1.7514406867120433,0.7344217281409144
strength,SVR_RBF,5,Yield_strength_MPa,rows,39.358585618960866,25.67645731676911,0.7313712510302186
strength,SVR_RBF,5,Ultimate_tensile_strength_MPa,rows,38.66031554865819,20.850709683030157,0.7920383179411115
strength,SVR_RBF,5,Elongation_pct,rows,2.4354156066466346,1.8105195840081623,0.7249212693204357
strength,SVR_RBF,5,Yield_strength_MPa,groups,32.24550292768401,22.478455425042803,0.7893627918761017
strength,SVR_RBF,5,Ultimate_tensile_strength_MPa,groups,28.433121993725404,16.6115861025531,0.8720901401101862
strength,SVR_RBF,5,Elongation_pct,groups,2.4186771203534114,1.7636240198352533,0.7477943836022931
strength,DecisionTree,5,Yield_strength_MPa,rows,68.48776078390199,50.58483709273183,0.18660882318693195
strength,DecisionTree,5,Ultimate_tensile_strength_MPa,rows,62.90029409039605,44.99323308270677,0.44949928856449217
strength,DecisionTree,5,Elongation_pct,rows,3.563940060553963,2.6525062656641603,0.4109235989967154
strength,DecisionTree,5,Yield_strength_MPa,groups,64.01479247731713,48.211021505376344,0.16984829579800853
strength,DecisionTree,5,Ultimate_tensile_strength_MPa,groups,56.53587195579168,41.77724014336918,0.4942881668442499
strength,DecisionTree,5,Elongation_pct,groups,3.596372251196423,2.656093189964158,0.4423929743213092
strength,Bagging,5,Yield_strength_MPa,rows,51.457279588003956,34.24147506184293,0.5408367007318271
strength,Bagging,5,Ultimate_tensile_strength_MPa,rows,49.48149607662932,31.412848877334028,0.6593266377770115
strength,Bagging,5,Elongation_pct,rows,2.7392255309700384,2.046310294676084,0.6520102725671778
strength,Bagging,5,Yield_strength_MPa,groups,44.52828206818921,31.161002384637467,0.5983306809046052
strength,Bagging,5,Ultimate_tensile_strength_MPa,groups,40.30328429362946,27.815850604741733,0.7429984145987525
strength,Bagging,5,Elongation_pct,groups,2.7323748478814602,2.0635522285062606,0.6781307272544292
strength,RandomForest,5,Yield_strength_MPa,rows,50.202173535737884,34.56564611207506,0.5629626399878367
strength,RandomForest,5,Ultimate_tensile_strength_MPa,rows,48.4360508598644,31.21552249848453,0.6735700596366054
strength,RandomForest,5,Elongation_pct,rows,2.748386760165209,2.042392031889024,0.6496787049719261
strength,RandomForest,5,Yield_strength_MPa,groups,43.37537515014401,31.42661678073354,0.618861107300446
strength,RandomForest,5,Ultimate_tensile_strength_MPa,groups,39.165013414646836,27.57783303502551,0.7573102212925571
strength,RandomForest,5,Elongation_pct,groups,2.7575307457394596,2.0670456033877174,0.6721767981392189
strength,ExtraTrees,5,Yield_strength_MPa,rows,46.74046134094088,28.934798066595064,0.6211567861390787
strength,ExtraTrees,5,Ultimate_tensile_strength_MPa,rows,45.964431781173246,25.61684520825875,0.7060345273224649
strength,ExtraTrees,5,Elongation_pct,rows,2.548320472844021,1.7767772765246448,0.6988249932449722
strength,ExtraTrees,5,Yield_strength_MPa,groups,38.209764150183716,25.915888142174442,0.704235875497645
strength,ExtraTrees,5,Ultimate_tensile_strength_MPa,groups,35.53680574814477,22.47859309040223,0.8001925381100397
strength,ExtraTrees,5,Elongation_pct,groups,2.5853017385024155,1.811380475906013,0.7118481332839284
strength,Nystroem_Ridge_control,5,Yield_strength_MPa,rows,52.91710675553245,33.53501569171612,0.5144145053522516
strength,Nystroem_Ridge_control,5,Ultimate_tensile_strength_MPa,rows,50.25050841029111,29.558467156285552,0.6486552626767629
strength,Nystroem_Ridge_control,5,Elongation_pct,rows,2.9987418912075148,2.227603687740074,0.5829491454760976
strength,Nystroem_Ridge_control,5,Yield_strength_MPa,groups,43.648319653251626,30.55249473252829,0.6140492953027943
strength,Nystroem_Ridge_control,5,Ultimate_tensile_strength_MPa,groups,39.186147777929214,26.130480825881676,0.7570482283866067
strength,Nystroem_Ridge_control,5,Elongation_pct,groups,3.0032883406386355,2.2362864843893524,0.6111402245158756
strength,Graph_labeled_only,5,Yield_strength_MPa,rows,52.495147322857115,33.07711366597605,0.5221277183205517
strength,Graph_labeled_only,5,Ultimate_tensile_strength_MPa,rows,50.17448486595632,29.259772197252513,0.6497175511208761
strength,Graph_labeled_only,5,Elongation_pct,rows,2.9896917810443573,2.219615121760065,0.5854626400473382
strength,Graph_labeled_only,5,Yield_strength_MPa,groups,43.29300060993193,30.174826896201456,0.6203073808414388
strength,Graph_labeled_only,5,Ultimate_tensile_strength_MPa,groups,39.14275439258472,25.874777674418826,0.7575860032505982
strength,Graph_labeled_only,5,Elongation_pct,groups,3.002521449168402,2.235029774232319,0.611338790312197
strength,Graph_semi_supervised,5,Yield_strength_MPa,rows,52.815214433232065,33.40062397564616,0.516282702695373
strength,Graph_semi_supervised,5,Ultimate_tensile_strength_MPa,rows,50.29816623295875,29.539243806791134,0.6479885125914165
strength,Graph_semi_supervised,5,Elongation_pct,rows,2.997208054043236,2.2246640964558675,0.5833756740171276
strength,Graph_semi_supervised,5,Yield_strength_MPa,groups,43.568592706268426,30.43226669218561,0.6154579437520379
strength,Graph_semi_supervised,5,Ultimate_tensile_strength_MPa,groups,39.24996813621857,26.11834309786414,0.75625621915438
strength,Graph_semi_supervised,5,Elongation_pct,groups,3.004245595028018,2.235142935845659,0.6108922982381525
charpy,Dummy_mean,1,Charpy_toughness_J,rows,54.40300284033665,42.67924802793223,-0.02794738698971
charpy,Dummy_mean,1,Charpy_toughness_J,groups,41.79742218195857,33.02176569281832,-0.004917391279729788
charpy,OLS,1,Charpy_toughness_J,rows,51.90227786686455,32.45262396264391,0.06438326730594746
charpy,OLS,1,Charpy_toughness_J,groups,33.32715636027136,23.62981682251952,0.36110736072101124
charpy,Ridge,1,Charpy_toughness_J,rows,44.13273152735297,32.262021861311126,0.3235327748097666
charpy,Ridge,1,Charpy_toughness_J,groups,31.54563584547998,24.254836302977715,0.4275864077375444
charpy,KNN,1,Charpy_toughness_J,rows,37.86716837929767,24.383295759608203,0.5019753889989123
charpy,KNN,1,Charpy_toughness_J,groups,26.608235740972706,15.776579294224875,0.5927477187429391
charpy,SVR_RBF,1,Charpy_toughness_J,rows,40.45457780291304,24.8454958970525,0.43159159712561235
charpy,SVR_RBF,1,Charpy_toughness_J,groups,25.979712879536407,15.86479202788149,0.6117601945955082
charpy,DecisionTree,1,Charpy_toughness_J,rows,46.39946700985579,28.580050927277217,0.25225911604520923
charpy,DecisionTree,1,Charpy_toughness_J,groups,32.16697520868709,19.00436701317333,0.404815222400171
charpy,Bagging,1,Charpy_toughness_J,rows,39.15227768769729,22.771551417174997,0.46759857665114146
charpy,Bagging,1,Charpy_toughness_J,groups,24.459663102890207,14.46538533707034,0.6558622551677145
charpy,RandomForest,1,Charpy_toughness_J,rows,38.984838341751846,22.589263094859685,0.4721425946192943
charpy,RandomForest,1,Charpy_toughness_J,groups,24.331772293973582,14.060666367573548,0.6594515926621667
charpy,ExtraTrees,1,Charpy_toughness_J,rows,41.190225007289555,23.073623129395862,0.41073116614875194
charpy,ExtraTrees,1,Charpy_toughness_J,groups,24.525617952135512,13.314580789115366,0.654003835886387
charpy,Dummy_mean,2,Charpy_toughness_J,rows,49.005779768310916,38.08234191128928,-0.0002391505568508645
charpy,Dummy_mean,2,Charpy_toughness_J,groups,39.16381632150937,29.72044386709458,-0.006299710194895836
charpy,OLS,2,Charpy_toughness_J,rows,30.465476417673134,23.53545561108433,0.6134326328803832
charpy,OLS,2,Charpy_toughness_J,groups,26.858629616496383,21.1227193191342,0.526712496068529
charpy,Ridge,2,Charpy_toughness_J,rows,30.59239136302031,23.626829147665163,0.6102051522645113
charpy,Ridge,2,Charpy_toughness_J,groups,26.871116007832153,21.084217851516392,0.5262723375979561
charpy,KNN,2,Charpy_toughness_J,rows,31.561477465504264,18.386894445423863,0.5851186696048933
charpy,KNN,2,Charpy_toughness_J,groups,22.288860509468325,12.229914830020519,0.6740634456636388
charpy,SVR_RBF,2,Charpy_toughness_J,rows,31.488450882327275,20.258123216395823,0.5870363437801573
charpy,SVR_RBF,2,Charpy_toughness_J,groups,21.82874638735842,14.922785488471671,0.6873813179935611
charpy,DecisionTree,2,Charpy_toughness_J,rows,31.224688836147035,20.5540202379691,0.5939257229692396
charpy,DecisionTree,2,Charpy_toughness_J,groups,28.305340158778925,17.61807562737487,0.47435311604039043
charpy,Bagging,2,Charpy_toughness_J,rows,25.520495390299725,17.236084649252266,0.7287389476555566
charpy,Bagging,2,Charpy_toughness_J,groups,20.908463362579035,13.660674747930244,0.7131851920224728
charpy,RandomForest,2,Charpy_toughness_J,rows,25.13849251259931,16.909020630411263,0.7367988983462118
charpy,RandomForest,2,Charpy_toughness_J,groups,19.7436795771602,12.747138121264264,0.744251246379142
charpy,ExtraTrees,2,Charpy_toughness_J,rows,25.05688789301927,15.097563311688326,0.738504932557339
charpy,ExtraTrees,2,Charpy_toughness_J,groups,18.035172196998648,10.34170763624704,0.7865982758119795
charpy,Dummy_mean,3,Charpy_toughness_J,rows,49.858309953466716,39.046804280356916,-0.030758922222702934
charpy,Dummy_mean,3,Charpy_toughness_J,groups,41.22017479617918,30.816485316485313,-0.03812903482381791
charpy,OLS,3,Charpy_toughness_J,rows,35.54188822463666,26.41893250914488,0.4762030202661839
charpy,OLS,3,Charpy_toughness_J,groups,27.176319115867148,19.797560689585417,0.5487544348540854
charpy,Ridge,3,Charpy_toughness_J,rows,36.574819532813706,28.97807055859939,0.44531505289700246
charpy,Ridge,3,Charpy_toughness_J,groups,29.805279369704383,22.66069147378837,0.4572272029568091
charpy,KNN,3,Charpy_toughness_J,rows,34.156665629708485,21.61909703636763,0.516236683407855
charpy,KNN,3,Charpy_toughness_J,groups,25.6580674129006,14.597265620491795,0.5977652725524673
charpy,SVR_RBF,3,Charpy_toughness_J,rows,34.98910955036937,24.043017294248717,0.49236941966707526
charpy,SVR_RBF,3,Charpy_toughness_J,groups,26.110831517953265,16.71501072103504,0.5834442972254135
charpy,DecisionTree,3,Charpy_toughness_J,rows,32.9146947161871,22.03154564816497,0.5507773358080889
charpy,DecisionTree,3,Charpy_toughness_J,groups,26.826106108515937,16.244144663657657,0.5603096281844024
charpy,Bagging,3,Charpy_toughness_J,rows,25.987907953969145,18.0095560618359,0.7199570549672107
charpy,Bagging,3,Charpy_toughness_J,groups,20.949421362710073,13.988881029658584,0.7318512705795894
charpy,RandomForest,3,Charpy_toughness_J,rows,26.42262261072983,18.61088482767565,0.7105098174197935
charpy,RandomForest,3,Charpy_toughness_J,groups,21.091630347836016,14.346768261899546,0.7281984167964655
charpy,ExtraTrees,3,Charpy_toughness_J,rows,26.65993158006161,17.675204317988417,0.7052864814451807
charpy,ExtraTrees,3,Charpy_toughness_J,groups,20.08678724829967,12.54609709363309,0.7534797275855905
charpy,Dummy_mean,4,Charpy_toughness_J,rows,46.22176882883601,35.209273567826195,-0.00013056468679795152
charpy,Dummy_mean,4,Charpy_toughness_J,groups,38.24991207110403,28.668076210181475,-0.0070874759273533705
charpy,OLS,4,Charpy_toughness_J,rows,130.59858418050635,50.14696402622791,-6.984367441575806
charpy,OLS,4,Charpy_toughness_J,groups,74.32345394937813,28.215294164571112,-2.802402446635973
charpy,Ridge,4,Charpy_toughness_J,rows,61.28558615289866,34.27687025234313,-0.7582485414227196
charpy,Ridge,4,Charpy_toughness_J,groups,39.77649399459579,23.564796310135847,-0.0890788249386969
charpy,KNN,4,Charpy_toughness_J,rows,22.598227855221683,14.018139900926911,0.7609370116449233
charpy,KNN,4,Charpy_toughness_J,groups,19.749313823142522,10.93663334522289,0.7315209918191476
charpy,SVR_RBF,4,Charpy_toughness_J,rows,20.06860827827893,15.05602194817032,0.8114623500522444
charpy,SVR_RBF,4,Charpy_toughness_J,groups,18.05493627363146,13.092551765652882,0.7756127207615473
charpy,DecisionTree,4,Charpy_toughness_J,rows,35.29895490711916,20.338706668962356,0.41670631794681645
charpy,DecisionTree,4,Charpy_toughness_J,groups,31.965472393203537,16.71369548194043,0.296654737210852
charpy,Bagging,4,Charpy_toughness_J,rows,23.436678394908267,14.6498507005936,0.7428682541514156
charpy,Bagging,4,Charpy_toughness_J,groups,19.654293766415392,11.528698053162701,0.7340982479631406
charpy,RandomForest,4,Charpy_toughness_J,rows,22.988816748166254,14.71912232557253,0.7526016412215774
charpy,RandomForest,4,Charpy_toughness_J,groups,19.260141936195613,11.392862667984307,0.744656222190645
charpy,ExtraTrees,4,Charpy_toughness_J,rows,23.956105369241104,13.109333603896108,0.7313443325311749
charpy,ExtraTrees,4,Charpy_toughness_J,groups,19.894666506494566,9.708850550478331,0.7275544994918435
charpy,Dummy_mean,5,Charpy_toughness_J,rows,51.16006249546175,39.337597402597396,-0.00013286833021775024
charpy,Dummy_mean,5,Charpy_toughness_J,groups,41.79931605089824,31.218115773115766,-0.0072907605819203525
charpy,OLS,5,Charpy_toughness_J,rows,33.841307347869844,26.394330946797627,0.5623873858988515
charpy,OLS,5,Charpy_toughness_J,groups,30.418013666687173,23.073350178282396,0.46656906177718693
charpy,Ridge,5,Charpy_toughness_J,rows,35.03763261435432,27.32196870290768,0.530900384936596
charpy,Ridge,5,Charpy_toughness_J,groups,30.48162426845245,23.334032301507147,0.46433569159328325
charpy,KNN,5,Charpy_toughness_J,rows,28.876198401291205,19.049036240368423,0.681378115709069
charpy,KNN,5,Charpy_toughness_J,groups,24.322563101822695,14.84819734879349,0.658936553197552
charpy,SVR_RBF,5,Charpy_toughness_J,rows,31.17462166520263,21.715488635279183,0.628637582175456
charpy,SVR_RBF,5,Charpy_toughness_J,groups,24.400686777267122,16.650298753149464,0.6567420540591626
charpy,DecisionTree,5,Charpy_toughness_J,rows,33.953339464680425,21.59200070564356,0.5594851446392602
charpy,DecisionTree,5,Charpy_toughness_J,groups,31.746919397827757,19.176976873790977,0.4189417418235557
charpy,Bagging,5,Charpy_toughness_J,rows,28.371413380167393,18.077150247371677,0.6924204121127393
charpy,Bagging,5,Charpy_toughness_J,groups,25.123806549086822,15.214294254942592,0.6360955380828708
charpy,RandomForest,5,Charpy_toughness_J,rows,28.59056507407732,18.92541391718479,0.6876503342898669
charpy,RandomForest,5,Charpy_toughness_J,groups,24.462934050033017,15.584256677287865,0.6549884866190329
charpy,ExtraTrees,5,Charpy_toughness_J,rows,26.457237558785145,17.10802157949444,0.7325241593043806
charpy,ExtraTrees,5,Charpy_toughness_J,groups,22.18188888523433,13.36860796055286,0.7163299076224818
charpy_without_100,Dummy_mean,1,Charpy_toughness_J,rows,74.51957794896316,61.47769423558897,-0.12839289924862696
charpy_without_100,Dummy_mean,1,Charpy_toughness_J,groups,55.78995090782913,47.46277552856499,-0.05661440949447405
charpy_without_100,OLS,1,Charpy_toughness_J,rows,88.35430418756899,52.75078178406861,-0.586262266756282
charpy_without_100,OLS,1,Charpy_toughness_J,groups,48.63201856013153,26.912146785249167,0.19712273024982196
charpy_without_100,Ridge,1,Charpy_toughness_J,rows,58.69982044047783,39.540538684081234,0.29984673723286115
charpy_without_100,Ridge,1,Charpy_toughness_J,groups,34.30510894931203,22.77093158198119,0.600495039260468
charpy_without_100,KNN,1,Charpy_toughness_J,rows,41.824677166152334,27.113904124346146,0.6445448864421783
charpy_without_100,KNN,1,Charpy_toughness_J,groups,24.11568969557571,11.39549024927215,0.8025741826970815
charpy_without_100,SVR_RBF,1,Charpy_toughness_J,rows,49.27441756521156,31.046965667277565,0.5066415505385774
charpy_without_100,SVR_RBF,1,Charpy_toughness_J,groups,26.408911541690458,13.772135387661564,0.7632415030004542
charpy_without_100,DecisionTree,1,Charpy_toughness_J,rows,56.36935298357494,34.73565626661672,0.3543373394491024
charpy_without_100,DecisionTree,1,Charpy_toughness_J,groups,34.29226839932841,16.57905478134211,0.6007940561421623
charpy_without_100,Bagging,1,Charpy_toughness_J,rows,51.12483247456275,30.14535200645915,0.4688913590254947
charpy_without_100,Bagging,1,Charpy_toughness_J,groups,26.904646123382523,12.409589195526701,0.7542694578465313
charpy_without_100,RandomForest,1,Charpy_toughness_J,rows,46.23402501454977,27.559210735472632,0.5656468466953193
charpy_without_100,RandomForest,1,Charpy_toughness_J,groups,25.12497128118723,11.34505142398751,0.7857031839121309
charpy_without_100,ExtraTrees,1,Charpy_toughness_J,rows,47.54126545047605,27.806259199002056,0.5407374354576642
charpy_without_100,ExtraTrees,1,Charpy_toughness_J,groups,25.30965923472336,10.913708162919688,0.782541110247812
charpy_without_100,Dummy_mean,2,Charpy_toughness_J,rows,62.94746096071726,55.316017316017316,-0.00010248958492575788
charpy_without_100,Dummy_mean,2,Charpy_toughness_J,groups,53.86254541153218,49.12378443526172,-0.23402840548415282
charpy_without_100,OLS,2,Charpy_toughness_J,rows,35.45899420974425,27.90749762353942,0.6826482485462008
charpy_without_100,OLS,2,Charpy_toughness_J,groups,28.49630956311657,22.329935212082116,0.6545949760559362
charpy_without_100,Ridge,2,Charpy_toughness_J,rows,36.58558576806845,28.377727898132594,0.6621623092961763
charpy_without_100,Ridge,2,Charpy_toughness_J,groups,29.664090912500434,23.52751152638519,0.6257054555786354
charpy_without_100,KNN,2,Charpy_toughness_J,rows,41.48628718716308,21.68128543070587,0.5655926018435498
charpy_without_100,KNN,2,Charpy_toughness_J,groups,25.654337497885262,9.547879792871726,0.7200548048932695
charpy_without_100,SVR_RBF,2,Charpy_toughness_J,rows,39.30380514386646,24.451516235064517,0.6100963775034185
charpy_without_100,SVR_RBF,2,Charpy_toughness_J,groups,24.89443734588839,12.90395480630574,0.7363935454068975
charpy_without_100,DecisionTree,2,Charpy_toughness_J,rows,38.8165608577756,24.61904761904762,0.6197036276401019
charpy_without_100,DecisionTree,2,Charpy_toughness_J,groups,27.348750040685204,14.57266414141414,0.6818540683453443
charpy_without_100,Bagging,2,Charpy_toughness_J,rows,31.889462623634913,20.985282725211306,0.7433256470492067
charpy_without_100,Bagging,2,Charpy_toughness_J,groups,22.464730627077884,12.273431319772413,0.7853386576348121
charpy_without_100,RandomForest,2,Charpy_toughness_J,rows,33.60809183852057,21.871088417114684,0.7149140694828846
charpy_without_100,RandomForest,2,Charpy_toughness_J,groups,22.720737195637383,11.735483093045863,0.7804182475305953
charpy_without_100,ExtraTrees,2,Charpy_toughness_J,rows,34.99913408331052,21.500609777524065,0.6908262075762274
charpy_without_100,ExtraTrees,2,Charpy_toughness_J,groups,23.08117746824887,10.65734150357359,0.7733961258154692
charpy_without_100,Dummy_mean,3,Charpy_toughness_J,rows,57.102516684470174,49.75235816814764,-0.14156735697837752
charpy_without_100,Dummy_mean,3,Charpy_toughness_J,groups,53.15448698065716,48.522031520041786,-0.6984077173312468
charpy_without_100,OLS,3,Charpy_toughness_J,rows,64.61605056610114,41.4019687644131,-0.4617458260605656
charpy_without_100,OLS,3,Charpy_toughness_J,groups,45.47625599976775,28.017503184425177,-0.24317279560973537
charpy_without_100,Ridge,3,Charpy_toughness_J,rows,39.41098189869555,30.5350903282354,0.4562170915139183
charpy_without_100,Ridge,3,Charpy_toughness_J,groups,30.322712109895132,22.943230803680134,0.44728891083601474
charpy_without_100,KNN,3,Charpy_toughness_J,rows,38.375413405118664,23.617366594484817,0.4844186765585139
charpy_without_100,KNN,3,Charpy_toughness_J,groups,24.988515660783772,10.990594559182929,0.624644303219408
charpy_without_100,SVR_RBF,3,Charpy_toughness_J,rows,41.53229413793876,27.190521107839672,0.39610298197547067
charpy_without_100,SVR_RBF,3,Charpy_toughness_J,groups,25.614612977085535,14.088018799266118,0.6055992888924384
charpy_without_100,DecisionTree,3,Charpy_toughness_J,rows,35.86701628436435,23.853968253968258,0.5496174631038377
charpy_without_100,DecisionTree,3,Charpy_toughness_J,groups,27.361589763741385,14.409988385598146,0.5499665998456005
charpy_without_100,Bagging,3,Charpy_toughness_J,rows,30.46441337379212,18.978589519210953,0.675079822084306
charpy_without_100,Bagging,3,Charpy_toughness_J,groups,20.858318728311914,11.131378742392611,0.7384704951118712
charpy_without_100,RandomForest,3,Charpy_toughness_J,rows,30.583509190796818,19.168457210814406,0.672534408012692
charpy_without_100,RandomForest,3,Charpy_toughness_J,groups,20.791087398588655,11.031751764659646,0.7401537217940967
charpy_without_100,ExtraTrees,3,Charpy_toughness_J,rows,32.409616334612046,20.278001795970088,0.6322617350278812
charpy_without_100,ExtraTrees,3,Charpy_toughness_J,groups,20.699695442013336,9.275248003933312,0.742433127845212
charpy_without_100,Dummy_mean,4,Charpy_toughness_J,rows,61.19671488884376,53.58311914815496,-0.003432393272148948
charpy_without_100,Dummy_mean,4,Charpy_toughness_J,groups,55.35622666910486,50.63931450543623,-0.2656655017866274
charpy_without_100,OLS,4,Charpy_toughness_J,rows,139.87509505881118,71.89138553510787,-4.24218915591297
charpy_without_100,OLS,4,Charpy_toughness_J,groups,111.21090798414363,49.00296768621046,-4.108351322971813
charpy_without_100,Ridge,4,Charpy_toughness_J,rows,36.01533990013699,29.147408030079305,0.6524582896709812
charpy_without_100,Ridge,4,Charpy_toughness_J,groups,32.18101947649883,25.812901350948078,0.5722543702103502
charpy_without_100,KNN,4,Charpy_toughness_J,rows,23.95922295280991,15.910427476990945,0.8461925556243596
charpy_without_100,KNN,4,Charpy_toughness_J,groups,17.403145093841225,8.524166337851078,0.8749045635248252
charpy_without_100,SVR_RBF,4,Charpy_toughness_J,rows,24.38513108784652,17.831664415519032,0.8406756748888073
charpy_without_100,SVR_RBF,4,Charpy_toughness_J,groups,19.06987433245449,12.283915209801066,0.8497959485670546
charpy_without_100,DecisionTree,4,Charpy_toughness_J,rows,31.692272734485996,19.923943617029035,0.7308845275372315
charpy_without_100,DecisionTree,4,Charpy_toughness_J,groups,26.442458015441506,13.673777261001561,0.7112050254048838
charpy_without_100,Bagging,4,Charpy_toughness_J,rows,25.624783771934432,17.761130116411362,0.8240649709138173
charpy_without_100,Bagging,4,Charpy_toughness_J,groups,20.190819741801125,11.091751562900814,0.8316186885125478
charpy_without_100,RandomForest,4,Charpy_toughness_J,rows,24.765182062104913,17.628143691956186,0.8356707214946493
charpy_without_100,RandomForest,4,Charpy_toughness_J,groups,19.209736175845823,10.84777703172596,0.8475846227161655
charpy_without_100,ExtraTrees,4,Charpy_toughness_J,rows,22.493124735316158,15.561396107809575,0.8644400245216048
charpy_without_100,ExtraTrees,4,Charpy_toughness_J,groups,16.4970177047633,8.70132109777569,0.8875920918953001
charpy_without_100,Dummy_mean,5,Charpy_toughness_J,rows,63.81729584958462,55.97611070313935,-0.0011120167268161563
charpy_without_100,Dummy_mean,5,Charpy_toughness_J,groups,55.34846581253149,49.70596658711217,-0.228731951591858
charpy_without_100,OLS,5,Charpy_toughness_J,rows,36.146707870569436,30.15558339061823,0.678823783760927
charpy_without_100,OLS,5,Charpy_toughness_J,groups,32.08770344868078,26.430931401426857,0.5870254889515172
charpy_without_100,Ridge,5,Charpy_toughness_J,rows,40.12648678123071,33.302947549726596,0.6042069593509938
charpy_without_100,Ridge,5,Charpy_toughness_J,groups,33.349122080090936,26.077147877037866,0.5539179086505882
charpy_without_100,KNN,5,Charpy_toughness_J,rows,27.002642747362295,17.018679503612137,0.8207668159039756
charpy_without_100,KNN,5,Charpy_toughness_J,groups,18.80370751733767,8.687826732282739,0.8581814790483531
charpy_without_100,SVR_RBF,5,Charpy_toughness_J,rows,37.68148106062045,24.223852808963766,0.6509707633106034
charpy_without_100,SVR_RBF,5,Charpy_toughness_J,groups,24.775419545945564,14.184373020701514,0.7538000206484735
charpy_without_100,DecisionTree,5,Charpy_toughness_J,rows,42.12134212061492,25.761572108447112,0.5638757050193114
charpy_without_100,DecisionTree,5,Charpy_toughness_J,groups,29.304779769611944,14.066965217652722,0.6555526078971203
charpy_without_100,Bagging,5,Charpy_toughness_J,rows,31.6794406832665,21.00128247100122,0.7533046920271977
charpy_without_100,Bagging,5,Charpy_toughness_J,groups,25.118874146543856,13.474956736111096,0.7469267064950182
charpy_without_100,RandomForest,5,Charpy_toughness_J,rows,30.935781944704978,20.656917443599415,0.7647508436239909
charpy_without_100,RandomForest,5,Charpy_toughness_J,groups,23.276619933229508,12.38495520029306,0.782686949682182
charpy_without_100,ExtraTrees,5,Charpy_toughness_J,rows,29.48388129763593,19.105668884356394,0.7863144342338484
charpy_without_100,ExtraTrees,5,Charpy_toughness_J,groups,22.08972733279487,10.614143204465302,0.8042838394800091
