,0,1,2,3,4,5,6,7,8,9,10,11,12,13,14,15,16,17,18,19
C,0.058832652675285285,0.2802778617030679,-0.2803216371698451,-0.09014728719872842,-0.07331951011725403,-0.4627757246586342,0.13095703754670918,0.05929477979522058,-0.20728590077532819,0.0459563384324593,-0.08235056707218243,0.6601337420442634,-0.1333135084647974,0.18061144563041248,0.0752880800445545,-0.06566769984904162,0.19866838485908403,-0.039272375968077367,0.009404599212053716,-0.04430037598391905
Si,-0.17941642124527052,-0.08527809464718317,-0.21052037692582992,0.44938289974845935,0.244039670760846,0.06276223444988188,0.09713124376031176,-0.1678581062902108,-0.20729809133211108,-0.05218900770556687,0.17873761575777727,0.05400423460322451,0.6447451596254312,0.22305601727258526,-0.021185454598782655,-0.16785430208906904,0.17656248645054926,-0.00039495392267673707,-0.08483016152120335,-0.012794048002857106
Mn,-0.18398339662247146,0.06334039240564907,-0.1110234825150175,0.21090486377060166,-0.29412139612691013,-0.018129951105021753,-0.40731917755932207,0.11942174041335792,-0.47902163083891064,0.5236930366120112,-0.28566191338211494,-0.19706625104994316,0.0035308220276840216,-0.09938873136710485,0.004032847228743031,-0.018848956220859324,-0.009094592842804925,0.006146816768544807,0.05603497670553891,0.02545527953186267
S,0.033401415793030804,0.2799466942703146,0.4865732619242461,0.3548160881105079,-0.0755589261055949,-0.14933800504148265,0.06907436208977495,-0.06054884060606707,0.05062298658605292,0.026516297607634205,0.08182839445454902,0.062186565378391886,-0.01898094820615964,-0.01690211904799294,0.08592382912035007,-0.04004229559076056,0.019529771843895843,-0.02085008816799962,0.06701595992247006,0.701889875084514
P,0.06146373073223926,0.24505285742631833,0.4699919309534448,0.40953980182769273,-0.13730356917858244,-0.12858958927669425,0.09426850044627517,-0.034941573663788,-0.0156142415757454,-0.04331429373033188,0.051504898038152225,-0.01685767579671131,-0.057910651588606255,-0.02039005744083763,0.013591471994322537,-0.021382664172612458,-0.033913885285845165,0.014293320873010239,0.05621361740995435,-0.6986260744487618
Ni,0.012414468942051891,-0.07957335525628306,0.12278000580822292,-0.08614826215999434,-0.2651227451943837,0.559021040363661,0.5991564653382215,-0.16205693714858374,-0.13085439650937256,0.2895380026582746,-0.22401513159521036,0.1990875290436191,-0.006521524728987654,0.03742853034505096,0.06893640990333513,-0.032156340474312116,0.06787786807679563,-0.006517195425731176,-0.017387812704825038,0.004042826336348742
Cr,0.424844021162051,0.0443844986072959,-0.20068112899690327,0.10667127257021929,-0.008955516657433245,0.10805186041588195,-0.01799389041384299,-0.05467795478809376,0.042654404529004604,0.01865210203436159,-0.01748216463640688,-0.09447085844865763,0.017193404003510732,0.2796627865477421,-0.09517513065617489,0.00013328321388180213,-0.0711045545137236,-0.15419268878931336,0.7891958519829188,0.013885919493934834
Mo,0.370229447004906,-0.010667710006112479,0.006087952876209623,0.06922657111200738,0.21138987460548178,-0.060057957422142254,0.028377494924489377,0.15015722001755533,0.19747713018624813,0.07972978514103467,-0.4015910762107259,-0.2781629908478499,-0.026398090709508493,-0.017219971349676733,0.18526335546713807,-0.27999629884826244,0.6031789158376992,-0.0018895547145834392,-0.1561986104706734,-0.019938949033355177
V,0.3723290990121353,0.1488056333324287,-0.18468933181268768,0.1002889452959401,-0.14574048739889636,-0.039362677738936286,0.14055275141492748,0.06939593641786235,-0.05105126248337375,-0.04254010150108369,-0.06437074375607932,-0.16010849799890334,-0.036750044850664985,0.19381848485139996,-0.3117111106556362,-0.3938278131005793,-0.49296730674832684,0.08711463830732105,-0.4084345575172707,0.07000185016719729
O,0.15402543735494503,-0.04766195171039487,0.19306414797012195,0.018544591856394076,0.5634754887327549,0.24005010303818564,-0.3302808236173531,-0.20025131384603673,-0.040566452193546466,0.3150735880943519,0.036844741886359146,0.3886239650472923,-0.19628579926726505,-0.08221316794261521,-0.15480178552906917,-0.25615163639168625,-0.12071586141820075,0.08193070056054992,-0.018688532150363264,-0.047649013274978794
Ti,-0.12500289224012567,-0.034379923925654005,-0.20646579741041168,0.3533271458654275,-0.00494123923308239,0.13304313910545826,0.07268364695486661,0.5956143254691175,0.5173758180826687,0.25854012167091833,0.04210583070548969,0.24487992630925814,0.032239104885726635,-0.11912415934479288,0.03190295447253929,0.04391450878025621,-0.14621653934980838,0.03145014633920619,0.02844100916990013,-0.018616457106251007
N,0.3726425613741398,0.08080251908514426,-0.09252068489911588,0.17014987533197087,-0.14056975024034596,0.165833673695733,-0.16357154488644407,-0.09715000117706181,0.0279673165173259,0.08490338378376978,0.18456529928365023,0.07325473442119955,-0.03786134595995861,0.07862068158840091,-0.3288329985976824,0.6194928513484474,0.2986000573557107,0.053204093998076206,-0.3069762189099535,0.02184777219751643
Al,-0.13988990086850514,0.0687047730807889,-0.2225130981749945,0.35701594559271355,0.4012349414347609,0.13136540564721957,0.24229453585498137,0.07588258314008875,-0.31891821876094056,-0.25180930863428497,-0.11889131732413705,-0.14698933634571867,-0.5218565219878755,-0.01783357143492037,0.11197110639560974,0.23467141735972288,-0.07242175432157502,-0.07869187837748044,-0.024775015280758116,0.05345547914504832
Nb,0.30367845968777285,0.07863667571686932,-0.28546152278677567,0.06918226174038766,-0.1739597127351413,0.11983228843535239,-0.03130140896793954,-0.14890930313212924,-0.09472253023387966,-0.01531784732976606,0.4606645490884917,-0.00388542860785106,-0.0464907000778081,-0.5050976257245872,0.48363682911730743,-0.18360792963553932,0.003531241823759702,0.02523205082698657,-0.020206947619233244,-0.012363936687451019
current,-0.08303220266433153,0.4951455923351931,-0.05978697081150004,-0.16874504130911622,0.1356464024640263,0.12062326320948363,0.10866085995560802,0.11244040345796272,-0.061482378237427665,-0.050761936087194204,-0.007161559513857639,-0.09561638237324512,0.1314208679114624,-0.1723528416842382,-0.17903655497370188,0.011846907803846576,0.10432375914636788,0.7165086561285576,0.19850812284256883,0.009569887938890341
voltage,-0.01970237694586836,0.433038932677498,0.035950130733551716,-0.16527637461016295,0.09153354838735497,0.2659884195129318,-0.22939781429295972,0.0527863090095016,0.08250906100082211,0.05995978071000566,0.010053461915805743,-0.05401277586601914,0.09487392873026944,0.5053556476430504,0.5428199212750012,0.12332967237631696,-0.16005596311671325,-0.05941067962738333,-0.1721964456333927,-0.04972755024762162
heat_input,-0.08863652820794754,0.4833797072226218,-0.01449174645401639,-0.15694390227825272,0.07573987369225581,0.20427033902390365,-0.0012756109940909605,0.1292970715565043,-0.025205079282143408,-0.08362676618147327,0.0042948292779811876,-0.013317729390020782,0.15348740405979305,-0.3092333313066327,-0.3188800443010534,-0.09911871548571353,0.09872108169721504,-0.6480962728386876,-0.027863372150690516,-0.019894443770961147
interpass_temperature,-0.1500260610536577,0.17867340956861213,-0.18887287559967159,-0.044109589287063176,0.19087170319283345,-0.3213260116057974,0.28930862906347554,-0.41518109911774526,0.2832998913010152,0.5472166872941808,0.1300446178984081,-0.28769760089828617,-0.07097563803916376,-0.016389478816756245,-0.034492430097064423,0.10780240345228657,-0.06952002907771765,-0.08516465758229684,-0.02611902048104239,-0.04381999318456918
pwht_temperature,0.34508441995699335,-0.04218898410868095,0.08868592168819078,-0.052250578459290875,0.2432762573521894,-0.19736324589791437,0.12368146833121961,0.051326722601476485,-0.14252474813589366,0.03763483223048068,-0.34859065431299574,0.08419465966133582,0.43593306278078003,-0.3194424040404407,0.17686597328449322,0.39181818829323234,-0.35103893244613055,-0.038888216507235666,-0.02270229203418606,-0.0005932268107952137
pwht_time,0.15009297262426755,-0.14227232143916932,0.22261252595344047,-0.21610176693706754,0.1761626085860594,-0.09862446076175588,0.22301855663328812,0.5031500860225926,-0.3586978306013326,0.2738442087945211,0.5022677360493688,-0.1633177668438844,-0.004073682211473784,0.15482920040854015,-0.024169037718432568,0.012266464256645532,0.0809809037694862,-0.05744960195321409,0.01137618440067071,-0.0023705076121106005
