target,fold,feature,repeat,delta_MAE
yield_strength,1,C,0,2.038381696428562
yield_strength,1,C,1,1.820979948870562
yield_strength,1,C,2,1.3532636981074475
yield_strength,1,Si,0,3.0294078144078043
yield_strength,1,Si,1,4.47516426282051
yield_strength,1,Si,2,3.1997335737179426
yield_strength,1,Mn,0,20.193819730616593
yield_strength,1,Mn,1,19.26097470238093
yield_strength,1,Mn,2,14.837169661935281
yield_strength,1,S,0,0.6781589590964536
yield_strength,1,S,1,0.5545017742673899
yield_strength,1,S,2,0.6451601610195219
yield_strength,1,P,0,0.25998387896824937
yield_strength,1,P,1,1.2770296283577487
yield_strength,1,P,2,0.7220805670024397
yield_strength,1,Ni,0,4.777903598137971
yield_strength,1,Ni,1,3.3498246718559237
yield_strength,1,Ni,2,5.397184129527876
yield_strength,1,Cr,0,19.45602163461537
yield_strength,1,Cr,1,22.596611817002422
yield_strength,1,Cr,2,21.309067364926722
yield_strength,1,Mo,0,18.199363727996538
yield_strength,1,Mo,1,16.618249707468454
yield_strength,1,Mo,2,24.248964342948707
yield_strength,1,V,0,7.519349816849807
yield_strength,1,V,1,8.728834706959692
yield_strength,1,V,2,7.779178685897431
yield_strength,1,Cu,0,0.923760874542122
yield_strength,1,Cu,1,0.4475195550976778
yield_strength,1,Cu,2,0.698686088217336
yield_strength,1,Co,0,-7.105427357601002e-15
yield_strength,1,Co,1,0.0
yield_strength,1,Co,2,0.0
yield_strength,1,W,0,-0.0068382745726545124
yield_strength,1,W,1,-0.00707865918803563
yield_strength,1,W,2,-0.0068382745726545124
yield_strength,1,O,0,2.014385524776152
yield_strength,1,O,1,1.2303306242368741
yield_strength,1,O,2,2.272520604395595
yield_strength,1,Ti,0,1.8415257745726485
yield_strength,1,Ti,1,1.2666412927350414
yield_strength,1,Ti,2,2.0012155639499376
yield_strength,1,N,0,1.1219988171550561
yield_strength,1,N,1,1.0757207722832653
yield_strength,1,N,2,1.9102791132478636
yield_strength,1,Al,0,0.4198177083333299
yield_strength,1,Al,1,0.5409938759157384
yield_strength,1,Al,2,0.5140351228632447
yield_strength,1,B,0,0.09486778846153499
yield_strength,1,B,1,0.11327857905982341
yield_strength,1,B,2,0.04567441239316139
yield_strength,1,Nb,0,6.000397302350418
yield_strength,1,Nb,1,5.3645848595848555
yield_strength,1,Nb,2,7.102944997710626
yield_strength,1,Sn,0,-0.004687500000002842
yield_strength,1,Sn,1,0.012219551282043994
yield_strength,1,Sn,2,0.012219551282043994
yield_strength,1,As,0,-0.010809294871798159
yield_strength,1,As,1,-0.007884615384618598
yield_strength,1,As,2,-0.010809294871798159
yield_strength,1,Sb,0,-0.0006891025641024839
yield_strength,1,Sb,1,-0.0006891025641095894
yield_strength,1,Sb,2,-0.015512820512824987
yield_strength,1,current,0,0.41843816773504017
yield_strength,1,current,1,0.5600172657203828
yield_strength,1,current,2,0.6141839323870499
yield_strength,1,voltage,0,0.49895022512209053
yield_strength,1,voltage,1,0.7350607638888853
yield_strength,1,voltage,2,1.3420305822649503
yield_strength,1,current_type,0,0.16585870726495244
yield_strength,1,current_type,1,0.22208600427350333
yield_strength,1,current_type,2,-0.08181223290598894
yield_strength,1,polarity,0,-0.1383493589743665
yield_strength,1,polarity,1,-0.12599358974359376
yield_strength,1,polarity,2,-0.1332692307692369
yield_strength,1,heat_input,0,0.9699225427350413
yield_strength,1,heat_input,1,0.4010387095543386
yield_strength,1,heat_input,2,0.6864359165140357
yield_strength,1,interpass_temperature,0,0.009210069444435476
yield_strength,1,interpass_temperature,1,0.06002003205128048
yield_strength,1,interpass_temperature,2,-0.0032204861111146954
yield_strength,1,weld_type,0,0.07565638354700255
yield_strength,1,weld_type,1,0.194573317307686
yield_strength,1,weld_type,2,0.2713401442307628
yield_strength,1,pwht_temperature,0,2.8260430975274637
yield_strength,1,pwht_temperature,1,2.455140224358967
yield_strength,1,pwht_temperature,2,3.4446957989926688
yield_strength,1,pwht_time,0,1.7751407013125764
yield_strength,1,pwht_time,1,0.6345649229242838
yield_strength,1,pwht_time,2,1.9372479777167229
yield_strength,1,interpass_interval,0,-7.105427357601002e-15
yield_strength,1,interpass_interval,1,0.0
yield_strength,1,interpass_interval,2,0.0
yield_strength,2,C,0,1.2882797873422973
yield_strength,2,C,1,2.2485296315374512
yield_strength,2,C,2,1.7700213516229155
yield_strength,2,Si,0,2.476427840099724
yield_strength,2,Si,1,4.118497484864676
yield_strength,2,Si,2,3.4600985863095275
yield_strength,2,Mn,0,15.38574398402524
yield_strength,2,Mn,1,16.590065660612552
yield_strength,2,Mn,2,17.88996015847578
yield_strength,2,S,0,0.5543735373422862
yield_strength,2,S,1,0.22244410103785128
yield_strength,2,S,2,0.425849899521765
yield_strength,2,P,0,1.278954152040086
yield_strength,2,P,1,0.8832149216524172
yield_strength,2,P,2,2.047838589362037
yield_strength,2,Ni,0,4.967131410256407
yield_strength,2,Ni,1,3.8599995230463975
yield_strength,2,Ni,2,4.268939827533579
yield_strength,2,Cr,0,17.149431185134333
yield_strength,2,Cr,1,18.460663506054154
yield_strength,2,Cr,2,19.640574856278008
yield_strength,2,Mo,0,23.885143753815633
yield_strength,2,Mo,1,25.62987696186915
yield_strength,2,Mo,2,23.928503097018734
yield_strength,2,V,0,15.319051943426949
yield_strength,2,V,1,12.435684555606443
yield_strength,2,V,2,13.977603053774935
yield_strength,2,Cu,0,0.3053492254273493
yield_strength,2,Cu,1,0.44947248931624983
yield_strength,2,Cu,2,0.38359842414531187
yield_strength,2,Co,0,7.105427357601002e-15
yield_strength,2,Co,1,0.0
yield_strength,2,Co,2,0.0
yield_strength,2,W,0,0.0
yield_strength,2,W,1,0.0
yield_strength,2,W,2,0.0
yield_strength,2,O,0,2.652840481277984
yield_strength,2,O,1,2.210233293905169
yield_strength,2,O,2,1.6609557514245097
yield_strength,2,Ti,0,3.0652668714387445
yield_strength,2,Ti,1,3.711695760836392
yield_strength,2,Ti,2,3.4133671016483547
yield_strength,2,N,0,2.7995937945156797
yield_strength,2,N,1,1.6095607893264159
yield_strength,2,N,2,2.522397709350855
yield_strength,2,Al,0,0.34771958943834136
yield_strength,2,Al,1,0.2692699748168579
yield_strength,2,Al,2,0.4639748359279565
yield_strength,2,B,0,0.0536505074786362
yield_strength,2,B,1,0.05100627670940128
yield_strength,2,B,2,0.044590010683769776
yield_strength,2,Nb,0,4.92239650106837
yield_strength,2,Nb,1,3.189666800213679
yield_strength,2,Nb,2,2.8857805822649567
yield_strength,2,Sn,0,0.008894230769229239
yield_strength,2,Sn,1,0.008894230769229239
yield_strength,2,Sn,2,0.008894230769236344
yield_strength,2,As,0,0.003024839743588359
yield_strength,2,As,1,0.0030248397435954644
yield_strength,2,As,2,0.0030248397435954644
yield_strength,2,Sb,0,0.008994391025645143
yield_strength,2,Sb,1,0.008994391025645143
yield_strength,2,Sb,2,0.008994391025645143
yield_strength,2,current,0,0.5557550175518884
yield_strength,2,current,1,0.3970644459706918
yield_strength,2,current,2,0.5848654990842519
yield_strength,2,voltage,0,0.9099627976190519
yield_strength,2,voltage,1,0.9502583180708157
yield_strength,2,voltage,2,1.1013331807081812
yield_strength,2,current_type,0,0.37109441773504415
yield_strength,2,current_type,1,-0.3553538995726555
yield_strength,2,current_type,2,-0.13738782051282072
yield_strength,2,polarity,0,-0.14248321123321261
yield_strength,2,polarity,1,-0.04996088980463753
yield_strength,2,polarity,2,-0.11815762362637372
yield_strength,2,heat_input,0,0.4970473710317478
yield_strength,2,heat_input,1,0.7828543765262594
yield_strength,2,heat_input,2,0.6328187003968253
yield_strength,2,interpass_temperature,0,0.12860977564103138
yield_strength,2,interpass_temperature,1,0.30584602029914976
yield_strength,2,interpass_temperature,2,0.23707843660969274
yield_strength,2,weld_type,0,0.4669871794871767
yield_strength,2,weld_type,1,0.6219775450244214
yield_strength,2,weld_type,2,0.6647849893162388
yield_strength,2,pwht_temperature,0,2.190827768874634
yield_strength,2,pwht_temperature,1,2.755004006410246
yield_strength,2,pwht_temperature,2,2.0783731748575534
yield_strength,2,pwht_time,0,2.2580912952787955
yield_strength,2,pwht_time,1,1.7305638227513285
yield_strength,2,pwht_time,2,1.5243578296703362
yield_strength,2,interpass_interval,0,0.0
yield_strength,2,interpass_interval,1,0.0
yield_strength,2,interpass_interval,2,0.0
yield_strength,3,C,0,1.4728725007631382
yield_strength,3,C,1,2.5961038614163634
yield_strength,3,C,2,2.302375133547013
yield_strength,3,Si,0,2.6611841457153993
yield_strength,3,Si,1,1.98329838564214
yield_strength,3,Si,2,1.5794428228022035
yield_strength,3,Mn,0,17.349912175498115
yield_strength,3,Mn,1,12.476948927808312
yield_strength,3,Mn,2,13.452157451923089
yield_strength,3,S,0,0.7060296474359049
yield_strength,3,S,1,0.6307477678571445
yield_strength,3,S,2,0.4383827457265035
yield_strength,3,P,0,1.0015116047147394
yield_strength,3,P,1,1.4682023098429369
yield_strength,3,P,2,1.0230324189699331
yield_strength,3,Ni,0,4.005048662275225
yield_strength,3,Ni,1,3.147135919635925
yield_strength,3,Ni,2,2.7435396287740126
yield_strength,3,Cr,0,14.96170291514041
yield_strength,3,Cr,1,17.61350316061254
yield_strength,3,Cr,2,15.235725048967236
yield_strength,3,Mo,0,21.75835614472334
yield_strength,3,Mo,1,27.565454072836896
yield_strength,3,Mo,2,24.49551073347948
yield_strength,3,V,0,8.542297151633097
yield_strength,3,V,1,6.259960837773345
yield_strength,3,V,2,6.246923519189149
yield_strength,3,Cu,0,0.3517442670177111
yield_strength,3,Cu,1,0.46843521062271876
yield_strength,3,Cu,2,0.16609289148352246
yield_strength,3,Co,0,0.0
yield_strength,3,Co,1,0.0
yield_strength,3,Co,2,0.0
yield_strength,3,W,0,-0.09212606837606785
yield_strength,3,W,1,-0.0688875534188007
yield_strength,3,W,2,-0.09212606837606785
yield_strength,3,O,0,0.4424762477106299
yield_strength,3,O,1,0.7524639423076955
yield_strength,3,O,2,0.2816903712606944
yield_strength,3,Ti,0,1.4382565438034263
yield_strength,3,Ti,1,1.3119502632783941
yield_strength,3,Ti,2,1.0217011981074648
yield_strength,3,N,0,0.8900885225885276
yield_strength,3,N,1,1.0420966533466611
yield_strength,3,N,2,1.5190920711233211
yield_strength,3,Al,0,0.8118882593101411
yield_strength,3,Al,1,0.717855139652027
yield_strength,3,Al,2,0.7638755341880383
yield_strength,3,B,0,0.06041800213676396
yield_strength,3,B,1,0.028470886752138824
yield_strength,3,B,2,0.003563034188037051
yield_strength,3,Nb,0,5.0426098901098975
yield_strength,3,Nb,1,5.587709668803431
yield_strength,3,Nb,2,4.941508795024422
yield_strength,3,Sn,0,0.0
yield_strength,3,Sn,1,0.0
yield_strength,3,Sn,2,0.0
yield_strength,3,As,0,0.0
yield_strength,3,As,1,0.0
yield_strength,3,As,2,0.0
yield_strength,3,Sb,0,0.0
yield_strength,3,Sb,1,0.0
yield_strength,3,Sb,2,0.0
yield_strength,3,current,0,0.2888735309829116
yield_strength,3,current,1,-0.034644383394379474
yield_strength,3,current,2,0.213366386217956
yield_strength,3,voltage,0,0.3798502047720831
yield_strength,3,voltage,1,0.5269838408119725
yield_strength,3,voltage,2,0.9850245154151516
yield_strength,3,current_type,0,0.0996741452991472
yield_strength,3,current_type,1,0.08817441239317247
yield_strength,3,current_type,2,0.2096661324786382
yield_strength,3,polarity,0,0.10751869658119162
yield_strength,3,polarity,1,0.09257478632478566
yield_strength,3,polarity,2,-0.009130608974356136
yield_strength,3,heat_input,0,0.052500953907209436
yield_strength,3,heat_input,1,0.8469826961233302
yield_strength,3,heat_input,2,0.3725578067765589
yield_strength,3,interpass_temperature,0,0.11222756410256807
yield_strength,3,interpass_temperature,1,0.07811832264957985
yield_strength,3,interpass_temperature,2,-0.023699252136747617
yield_strength,3,weld_type,0,0.02078926282051441
yield_strength,3,weld_type,1,0.33377308455433763
yield_strength,3,weld_type,2,0.19284788995727098
yield_strength,3,pwht_temperature,0,3.1167953140609406
yield_strength,3,pwht_temperature,1,4.19362093635532
yield_strength,3,pwht_temperature,2,4.79216212606838
yield_strength,3,pwht_time,0,2.181455103056681
yield_strength,3,pwht_time,1,1.532350024107842
yield_strength,3,pwht_time,2,2.142294541396108
yield_strength,3,interpass_interval,0,0.0
yield_strength,3,interpass_interval,1,0.0
yield_strength,3,interpass_interval,2,0.0
yield_strength,4,C,0,1.057474292200844
yield_strength,4,C,1,1.4343644116300283
yield_strength,4,C,2,0.8996673248626337
yield_strength,4,Si,0,2.6551021157661694
yield_strength,4,Si,1,2.7146033653846118
yield_strength,4,Si,2,3.7588967109279636
yield_strength,4,Mn,0,16.06012715583028
yield_strength,4,Mn,1,16.990950186965804
yield_strength,4,Mn,2,17.44724564064407
yield_strength,4,S,0,0.44507440476189686
yield_strength,4,S,1,0.39325711614773695
yield_strength,4,S,2,0.5878404971764226
yield_strength,4,P,0,0.7029953163156293
yield_strength,4,P,1,0.6356352386039816
yield_strength,4,P,2,0.4840399241961677
yield_strength,4,Ni,0,4.236466875138738
yield_strength,4,Ni,1,3.954128943972684
yield_strength,4,Ni,2,5.565450721153837
yield_strength,4,Cr,0,12.275200580669335
yield_strength,4,Cr,1,16.933191270535026
yield_strength,4,Cr,2,20.907327157795912
yield_strength,4,Mo,0,18.10862783628408
yield_strength,4,Mo,1,20.877657283399465
yield_strength,4,Mo,2,22.8782639842796
yield_strength,4,V,0,8.810267046321727
yield_strength,4,V,1,8.612630017551886
yield_strength,4,V,2,11.971648065476195
yield_strength,4,Cu,0,0.7496283100580001
yield_strength,4,Cu,1,0.3639657261141558
yield_strength,4,Cu,2,0.7041890357905984
yield_strength,4,Co,0,-1.0658141036401503e-14
yield_strength,4,Co,1,-1.0658141036401503e-14
yield_strength,4,Co,2,0.0
yield_strength,4,W,0,0.0
yield_strength,4,W,1,-3.552713678800501e-15
yield_strength,4,W,2,-1.0658141036401503e-14
yield_strength,4,O,0,0.6346321040070961
yield_strength,4,O,1,0.8438323005119841
yield_strength,4,O,2,1.0312214087995315
yield_strength,4,Ti,0,0.8856892615486345
yield_strength,4,Ti,1,1.6222260060541274
yield_strength,4,Ti,2,1.4724509691697136
yield_strength,4,N,0,1.3953192727411405
yield_strength,4,N,1,1.057627155830282
yield_strength,4,N,2,1.8177385721916863
yield_strength,4,Al,0,0.3884914911477324
yield_strength,4,Al,1,0.37090172847984704
yield_strength,4,Al,2,0.28339371565934
yield_strength,4,B,0,-0.03324919871795373
yield_strength,4,B,1,-0.06410924145300001
yield_strength,4,B,2,0.036514423076919655
yield_strength,4,Nb,0,4.302860004578747
yield_strength,4,Nb,1,7.372548076923067
yield_strength,4,Nb,2,5.920307158119648
yield_strength,4,Sn,0,0.02099358974358978
yield_strength,4,Sn,1,0.018229166666657193
yield_strength,4,Sn,2,0.012780448717947479
yield_strength,4,As,0,0.00659455128204911
yield_strength,4,As,1,0.00174679487179219
yield_strength,4,As,2,0.00659455128204911
yield_strength,4,Sb,0,-0.00020032051281759777
yield_strength,4,Sb,1,-0.00020032051283180863
yield_strength,4,Sb,2,-0.00020032051281759777
yield_strength,4,current,0,0.015159016330887454
yield_strength,4,current,1,0.1907348901098871
yield_strength,4,current,2,0.013722098214273615
yield_strength,4,voltage,0,0.5691771596459105
yield_strength,4,voltage,1,1.018975312881551
yield_strength,4,voltage,2,0.7509539072039004
yield_strength,4,current_type,0,0.09658987713674705
yield_strength,4,current_type,1,0.03249999999999531
yield_strength,4,current_type,2,0.1380148237179455
yield_strength,4,polarity,0,0.051819244123922914
yield_strength,4,polarity,1,0.06186197916666103
yield_strength,4,polarity,2,0.0195409321581117
yield_strength,4,heat_input,0,0.06264804639804211
yield_strength,4,heat_input,1,-0.22511389652015268
yield_strength,4,heat_input,2,0.8386753090659198
yield_strength,4,interpass_temperature,0,0.3331179887820497
yield_strength,4,interpass_temperature,1,0.4454984642093933
yield_strength,4,interpass_temperature,2,0.357448918269224
yield_strength,4,weld_type,0,0.2705324074074049
yield_strength,4,weld_type,1,0.25838508279913697
yield_strength,4,weld_type,2,0.39447471509971166
yield_strength,4,pwht_temperature,0,4.362359203296705
yield_strength,4,pwht_temperature,1,3.3360054181929186
yield_strength,4,pwht_temperature,2,3.727971802503049
yield_strength,4,pwht_time,0,0.9876117025335702
yield_strength,4,pwht_time,1,1.4138721955128162
yield_strength,4,pwht_time,2,1.7569486416361286
yield_strength,4,interpass_interval,0,-1.0658141036401503e-14
yield_strength,4,interpass_interval,1,-3.552713678800501e-15
yield_strength,4,interpass_interval,2,-1.0658141036401503e-14
yield_strength,5,C,0,0.43569136014447096
yield_strength,5,C,1,0.638294064153424
yield_strength,5,C,2,1.1931910739723115
yield_strength,5,Si,0,1.8666980372058468
yield_strength,5,Si,1,1.9819341162309918
yield_strength,5,Si,2,1.390859947344321
yield_strength,5,Mn,0,9.498852722798024
yield_strength,5,Mn,1,11.674836423703606
yield_strength,5,Mn,2,14.092524454711945
yield_strength,5,S,0,0.2614103676994226
yield_strength,5,S,1,0.6731121540496368
yield_strength,5,S,2,0.06754898313491253
yield_strength,5,P,0,1.1884462282508998
yield_strength,5,P,1,1.574921223163411
yield_strength,5,P,2,1.2799098080738638
yield_strength,5,Ni,0,7.200088554385427
yield_strength,5,Ni,1,5.5431207392144835
yield_strength,5,Ni,2,8.216153448692506
yield_strength,5,Cr,0,20.549311024623517
yield_strength,5,Cr,1,23.00114281262719
yield_strength,5,Cr,2,15.830545014880943
yield_strength,5,Mo,0,20.284869097915962
yield_strength,5,Mo,1,23.651176901801893
yield_strength,5,Mo,2,24.04292730851324
yield_strength,5,V,0,9.055507621718558
yield_strength,5,V,1,7.762481351114143
yield_strength,5,V,2,7.2504495128713735
yield_strength,5,Cu,0,0.3664181261446835
yield_strength,5,Cu,1,0.21306471306469987
yield_strength,5,Cu,2,0.5507087848494017
yield_strength,5,Co,0,0.0
yield_strength,5,Co,1,0.0
yield_strength,5,Co,2,0.0
yield_strength,5,W,0,0.03529704670329181
yield_strength,5,W,1,0.017810401404148024
yield_strength,5,W,2,0.020995497557997567
yield_strength,5,O,0,1.197438679665236
yield_strength,5,O,1,1.6030857178122737
yield_strength,5,O,2,2.16807757780413
yield_strength,5,Ti,0,1.3665223274988882
yield_strength,5,Ti,1,0.5692223748473673
yield_strength,5,Ti,2,1.0500106360653128
yield_strength,5,N,0,0.7472001262626229
yield_strength,5,N,1,0.7971270699786253
yield_strength,5,N,2,0.35200148809522247
yield_strength,5,Al,0,0.057672498219361046
yield_strength,5,Al,1,0.3169503427706424
yield_strength,5,Al,2,0.15717066353784404
yield_strength,5,B,0,0.0092784645909596
yield_strength,5,B,1,0.038550251831495075
yield_strength,5,B,2,-0.002720734126995694
yield_strength,5,Nb,0,4.568286258012808
yield_strength,5,Nb,1,4.444465239621483
yield_strength,5,Nb,2,4.268710699023192
yield_strength,5,Sn,0,0.010697115384619593
yield_strength,5,Sn,1,0.01914663461538879
yield_strength,5,Sn,2,0.010697115384608935
yield_strength,5,As,0,-0.002275641025651254
yield_strength,5,As,1,-0.002275641025637043
yield_strength,5,As,2,-0.002275641025651254
yield_strength,5,Sb,0,-0.005969551282049679
yield_strength,5,Sb,1,-0.005969551282049679
yield_strength,5,Sb,2,0.0
yield_strength,5,current,0,0.12098910637972082
yield_strength,5,current,1,0.1716195913461469
yield_strength,5,current,2,0.24935773427959518
yield_strength,5,voltage,0,0.3516153464590879
yield_strength,5,voltage,1,-0.12720886752137517
yield_strength,5,voltage,2,0.44504511981073946
yield_strength,5,current_type,0,0.06660491707365779
yield_strength,5,current_type,1,0.1541693376068416
yield_strength,5,current_type,2,-0.015921474358982834
yield_strength,5,polarity,0,0.01837759462759081
yield_strength,5,polarity,1,0.0008358134920563032
yield_strength,5,polarity,2,-0.04338293650794256
yield_strength,5,heat_input,0,0.6465733268467524
yield_strength,5,heat_input,1,0.38292661909848036
yield_strength,5,heat_input,2,0.35537049755798833
yield_strength,5,interpass_temperature,0,0.31056590544871554
yield_strength,5,interpass_temperature,1,0.7474503968253963
yield_strength,5,interpass_temperature,2,0.41459172771672925
yield_strength,5,weld_type,0,0.06257507249694072
yield_strength,5,weld_type,1,0.019747119200236085
yield_strength,5,weld_type,2,-0.19018572573261494
yield_strength,5,pwht_temperature,0,2.9535584554334413
yield_strength,5,pwht_temperature,1,1.9548760238603897
yield_strength,5,pwht_temperature,2,1.0788202552655513
yield_strength,5,pwht_time,0,1.9083778706825534
yield_strength,5,pwht_time,1,2.028741118545799
yield_strength,5,pwht_time,2,2.041104964190904
yield_strength,5,interpass_interval,0,0.0
yield_strength,5,interpass_interval,1,0.0
yield_strength,5,interpass_interval,2,0.0
charpy_energy,1,C,0,1.4361027837893054
charpy_energy,1,C,1,1.2000416669327798
charpy_energy,1,C,2,0.9769765915993496
charpy_energy,1,Si,0,0.24617274908315068
charpy_energy,1,Si,1,0.2767050539986471
charpy_energy,1,Si,2,0.48079803218214323
charpy_energy,1,Mn,0,1.275869684171095
charpy_energy,1,Mn,1,1.474172087399996
charpy_energy,1,Mn,2,0.7049689023931904
charpy_energy,1,S,0,0.48687445318680034
charpy_energy,1,S,1,0.48565734251725345
charpy_energy,1,S,2,0.44709466912074447
charpy_energy,1,P,0,1.4818406525414396
charpy_energy,1,P,1,1.994658070322135
charpy_energy,1,P,2,0.7161739239623657
charpy_energy,1,Ni,0,0.0
charpy_energy,1,Ni,1,0.0
charpy_energy,1,Ni,2,0.0
charpy_energy,1,Cr,0,0.0
charpy_energy,1,Cr,1,0.0
charpy_energy,1,Cr,2,0.0
charpy_energy,1,Mo,0,3.100064508334796
charpy_energy,1,Mo,1,1.8150447247822932
charpy_energy,1,Mo,2,3.509400541736337
charpy_energy,1,V,0,3.7605507424031295
charpy_energy,1,V,1,2.522150445633347
charpy_energy,1,V,2,4.08120960081008
charpy_energy,1,Cu,0,-3.552713678800501e-15
charpy_energy,1,Cu,1,-3.552713678800501e-15
charpy_energy,1,Cu,2,0.0
charpy_energy,1,Co,0,0.0
charpy_energy,1,Co,1,0.0
charpy_energy,1,Co,2,0.0
charpy_energy,1,W,0,0.0
charpy_energy,1,W,1,0.0
charpy_energy,1,W,2,0.0
charpy_energy,1,O,0,0.9566284796433422
charpy_energy,1,O,1,1.4276494767998251
charpy_energy,1,O,2,0.7462020088908226
charpy_energy,1,Ti,0,1.230712739597596
charpy_energy,1,Ti,1,1.0775166758171721
charpy_energy,1,Ti,2,0.6181285392247062
charpy_energy,1,N,0,0.7826835098965361
charpy_energy,1,N,1,0.6997612238753845
charpy_energy,1,N,2,0.7773734658344402
charpy_energy,1,Al,0,1.0146229582902322
charpy_energy,1,Al,1,0.6910582702757786
charpy_energy,1,Al,2,0.9441683674158945
charpy_energy,1,B,0,1.2257492050728551
charpy_energy,1,B,1,0.8354344614109976
charpy_energy,1,B,2,1.087567399717539
charpy_energy,1,Nb,0,0.004367897727274084
charpy_energy,1,Nb,1,0.029581196502363127
charpy_energy,1,Nb,2,0.014142400568182723
charpy_energy,1,Sn,0,0.0
charpy_energy,1,Sn,1,0.0
charpy_energy,1,Sn,2,-3.552713678800501e-15
charpy_energy,1,As,0,0.0008877840909100598
charpy_energy,1,As,1,0.0008877840909100598
charpy_energy,1,As,2,0.0008877840909100598
charpy_energy,1,Sb,0,0.0
charpy_energy,1,Sb,1,0.0
charpy_energy,1,Sb,2,0.0
charpy_energy,1,current,0,0.2626446352129719
charpy_energy,1,current,1,0.3546302097800442
charpy_energy,1,current,2,0.18644061633559517
charpy_energy,1,voltage,0,-0.07630081863353055
charpy_energy,1,voltage,1,-0.23189568256231397
charpy_energy,1,voltage,2,-0.08013086084670817
charpy_energy,1,current_type,0,0.055062008304194165
charpy_energy,1,current_type,1,0.055610795454544615
charpy_energy,1,current_type,2,0.03325183930652287
charpy_energy,1,polarity,0,0.03550578327921983
charpy_energy,1,polarity,1,0.0710359172077979
charpy_energy,1,polarity,2,0.04627181412337933
charpy_energy,1,heat_input,0,0.25589638635399226
charpy_energy,1,heat_input,1,0.12376068556796938
charpy_energy,1,heat_input,2,0.18499057223093374
charpy_energy,1,interpass_temperature,0,0.6228551592251215
charpy_energy,1,interpass_temperature,1,0.6098533289208916
charpy_energy,1,interpass_temperature,2,0.4551180556322265
charpy_energy,1,weld_type,0,-0.11970937292173289
charpy_energy,1,weld_type,1,-0.4593002370828714
charpy_energy,1,weld_type,2,-0.28903353775934093
charpy_energy,1,pwht_temperature,0,0.14376029832938642
charpy_energy,1,pwht_temperature,1,0.4510203969829796
charpy_energy,1,pwht_temperature,2,0.12328783876483485
charpy_energy,1,pwht_time,0,0.4637686260513725
charpy_energy,1,pwht_time,1,0.28256697375660167
charpy_energy,1,pwht_time,2,0.4148688687516646
charpy_energy,1,interpass_interval,0,0.0
charpy_energy,1,interpass_interval,1,0.0
charpy_energy,1,interpass_interval,2,0.0
charpy_energy,1,charpy_temperature,0,22.62356383858726
charpy_energy,1,charpy_temperature,1,16.460566855873175
charpy_energy,1,charpy_temperature,2,20.814610601133943
charpy_energy,2,C,0,1.4758126183712115
charpy_energy,2,C,1,1.6854865056818156
charpy_energy,2,C,2,1.9611268939393902
charpy_energy,2,Si,0,0.24684481534090708
charpy_energy,2,Si,1,0.537623486539502
charpy_energy,2,Si,2,-0.35168285815746714
charpy_energy,2,Mn,0,0.6912352035984881
charpy_energy,2,Mn,1,1.1301485558712088
charpy_energy,2,Mn,2,0.7464293323863629
charpy_energy,2,S,0,0.4823478929924221
charpy_energy,2,S,1,0.28030243844696656
charpy_energy,2,S,2,0.44712181806908546
charpy_energy,2,P,0,1.885391808712118
charpy_energy,2,P,1,1.4390227610930744
charpy_energy,2,P,2,1.1216991341991296
charpy_energy,2,Ni,0,0.0
charpy_energy,2,Ni,1,0.0
charpy_energy,2,Ni,2,0.0
charpy_energy,2,Cr,0,0.0
charpy_energy,2,Cr,1,0.0
charpy_energy,2,Cr,2,3.552713678800501e-15
charpy_energy,2,Mo,0,3.9301789941828993
charpy_energy,2,Mo,1,3.4846442804157647
charpy_energy,2,Mo,2,3.283062911480883
charpy_energy,2,V,0,3.282193897682177
charpy_energy,2,V,1,3.834822499549059
charpy_energy,2,V,2,3.627084925707969
charpy_energy,2,Cu,0,0.0
charpy_energy,2,Cu,1,0.0
charpy_energy,2,Cu,2,0.0
charpy_energy,2,Co,0,0.0
charpy_energy,2,Co,1,0.0
charpy_energy,2,Co,2,0.0
charpy_energy,2,W,0,0.0
charpy_energy,2,W,1,0.0
charpy_energy,2,W,2,0.0
charpy_energy,2,O,0,1.5758534000721518
charpy_energy,2,O,1,2.1351089296987737
charpy_energy,2,O,2,1.60750262107684
charpy_energy,2,Ti,0,1.293252671807359
charpy_energy,2,Ti,1,1.6969483901515154
charpy_energy,2,Ti,2,1.3783116883116904
charpy_energy,2,N,0,2.3253059050324687
charpy_energy,2,N,1,2.011112210272369
charpy_energy,2,N,2,2.1035812364718574
charpy_energy,2,Al,0,0.6495925493777044
charpy_energy,2,Al,1,-0.07356618641775015
charpy_energy,2,Al,2,0.7485206980519479
charpy_energy,2,B,0,0.9925337357954547
charpy_energy,2,B,1,1.3184215198863605
charpy_energy,2,B,2,1.1190084438131294
charpy_energy,2,Nb,0,-0.01073626893939661
charpy_energy,2,Nb,1,0.010535037878785403
charpy_energy,2,Nb,2,0.012168560606056644
charpy_energy,2,Sn,0,0.0
charpy_energy,2,Sn,1,0.0
charpy_energy,2,Sn,2,0.0
charpy_energy,2,As,0,0.0008522727272719521
charpy_energy,2,As,1,-0.00021306818182154075
charpy_energy,2,As,2,0.0029829545454518325
charpy_energy,2,Sb,0,0.0012428977272733732
charpy_energy,2,Sb,1,0.0
charpy_energy,2,Sb,2,0.0
charpy_energy,2,current,0,-0.12144235321969887
charpy_energy,2,current,1,-0.08641927083333201
charpy_energy,2,current,2,-0.003251657196969404
charpy_energy,2,voltage,0,-0.0959067234848483
charpy_energy,2,voltage,1,-0.022960464015149284
charpy_energy,2,voltage,2,-0.023261126893938666
charpy_energy,2,current_type,0,0.07339615462662152
charpy_energy,2,current_type,1,0.08850826907467635
charpy_energy,2,current_type,2,0.036538910308440364
charpy_energy,2,polarity,0,-0.043353456439390925
charpy_energy,2,polarity,1,-0.009638967803031306
charpy_energy,2,polarity,2,-0.017108191287878327
charpy_energy,2,heat_input,0,0.1849431818181806
charpy_energy,2,heat_input,1,0.5350165719696953
charpy_energy,2,heat_input,2,0.2550396543560609
charpy_energy,2,interpass_temperature,0,1.9178541835768392
charpy_energy,2,interpass_temperature,1,0.7890242971004717
charpy_energy,2,interpass_temperature,2,1.608099324720417
charpy_energy,2,weld_type,0,0.39432222616792956
charpy_energy,2,weld_type,1,0.2049774121080965
charpy_energy,2,weld_type,2,0.3791524339375911
charpy_energy,2,pwht_temperature,0,0.5854456676136373
charpy_energy,2,pwht_temperature,1,0.3822431344696966
charpy_energy,2,pwht_temperature,2,0.9227686181006476
charpy_energy,2,pwht_time,0,0.4956451231060619
charpy_energy,2,pwht_time,1,0.4021851325757595
charpy_energy,2,pwht_time,2,0.4239299242424259
charpy_energy,2,interpass_interval,0,0.0
charpy_energy,2,interpass_interval,1,0.0
charpy_energy,2,interpass_interval,2,0.0
charpy_energy,2,charpy_temperature,0,24.686270700870313
charpy_energy,2,charpy_temperature,1,22.16163705849075
charpy_energy,2,charpy_temperature,2,21.120530442667334
charpy_energy,3,C,0,1.8900221523268428
charpy_energy,3,C,1,1.3999623748647174
charpy_energy,3,C,2,1.6758277529761934
charpy_energy,3,Si,0,1.6976659733495723
charpy_energy,3,Si,1,1.3767649147727283
charpy_energy,3,Si,2,1.519753618777056
charpy_energy,3,Mn,0,0.6675373714826911
charpy_energy,3,Mn,1,0.6705431124864738
charpy_energy,3,Mn,2,0.7437832284902619
charpy_energy,3,S,0,0.3892284310741303
charpy_energy,3,S,1,0.5477104048295445
charpy_energy,3,S,2,0.45191613399621033
charpy_energy,3,P,0,3.49388566186418
charpy_energy,3,P,1,3.3245227526379857
charpy_energy,3,P,2,3.290458350243508
charpy_energy,3,Ni,0,3.552713678800501e-15
charpy_energy,3,Ni,1,0.0
charpy_energy,3,Ni,2,0.0
charpy_energy,3,Cr,0,0.0
charpy_energy,3,Cr,1,0.0
charpy_energy,3,Cr,2,0.0
charpy_energy,3,Mo,0,-0.0007102272727266268
charpy_energy,3,Mo,1,-0.0007102272727266268
charpy_energy,3,Mo,2,-0.0007102272727266268
charpy_energy,3,V,0,3.9274402648133098
charpy_energy,3,V,1,2.6617265709550857
charpy_energy,3,V,2,3.8981064129013347
charpy_energy,3,Cu,0,0.0
charpy_energy,3,Cu,1,3.552713678800501e-15
charpy_energy,3,Cu,2,3.552713678800501e-15
charpy_energy,3,Co,0,0.0
charpy_energy,3,Co,1,0.0
charpy_energy,3,Co,2,3.552713678800501e-15
charpy_energy,3,W,0,0.0
charpy_energy,3,W,1,0.0
charpy_energy,3,W,2,0.0
charpy_energy,3,O,0,1.6540901622249322
charpy_energy,3,O,1,1.2125868055555529
charpy_energy,3,O,2,2.069595212729972
charpy_energy,3,Ti,0,1.5729488805465373
charpy_energy,3,Ti,1,1.25487511837121
charpy_energy,3,Ti,2,1.299020478219699
charpy_energy,3,N,0,2.846688043943903
charpy_energy,3,N,1,2.541977799761
charpy_energy,3,N,2,2.4472567894345154
charpy_energy,3,Al,0,1.5608305431547613
charpy_energy,3,Al,1,1.508065476190474
charpy_energy,3,Al,2,1.4222321428571405
charpy_energy,3,B,0,1.032788825757578
charpy_energy,3,B,1,1.130505741003791
charpy_energy,3,B,2,1.3936686197916686
charpy_energy,3,Nb,0,0.027130681818182012
charpy_energy,3,Nb,1,0.031214488636365445
charpy_energy,3,Nb,2,0.02489346590909136
charpy_energy,3,Sn,0,3.552713678800501e-15
charpy_energy,3,Sn,1,0.0
charpy_energy,3,Sn,2,0.0
charpy_energy,3,As,0,-0.0011363636363626028
charpy_energy,3,As,1,-7.102272727266268e-05
charpy_energy,3,As,2,-0.0011363636363626028
charpy_energy,3,Sb,0,0.002982954545458938
charpy_energy,3,Sb,1,0.002982954545458938
charpy_energy,3,Sb,2,0.004048295454548878
charpy_energy,3,current,0,0.4965790860615087
charpy_energy,3,current,1,0.4339227374188326
charpy_energy,3,current,2,0.6738448097041854
charpy_energy,3,voltage,0,0.5661520478219693
charpy_energy,3,voltage,1,0.5363097774621224
charpy_energy,3,voltage,2,0.4522035646645044
charpy_energy,3,current_type,0,0.2220081676136374
charpy_energy,3,current_type,1,0.227475649350648
charpy_energy,3,current_type,2,0.25143863298159985
charpy_energy,3,polarity,0,0.22844151616612507
charpy_energy,3,polarity,1,0.2949729437229429
charpy_energy,3,polarity,2,0.26569974296536714
charpy_energy,3,heat_input,0,0.9821084872159105
charpy_energy,3,heat_input,1,0.8823511482007582
charpy_energy,3,heat_input,2,0.8230300071022718
charpy_energy,3,interpass_temperature,0,2.1117219065656556
charpy_energy,3,interpass_temperature,1,1.9079791920319273
charpy_energy,3,interpass_temperature,2,2.3820421711535005
charpy_energy,3,weld_type,0,0.39044862689393867
charpy_energy,3,weld_type,1,0.5880611781881306
charpy_energy,3,weld_type,2,0.31383650962752796
charpy_energy,3,pwht_temperature,0,0.8194678791260834
charpy_energy,3,pwht_temperature,1,0.5175553385416691
charpy_energy,3,pwht_temperature,2,0.8733780184659068
charpy_energy,3,pwht_time,0,0.7050671333874483
charpy_energy,3,pwht_time,1,0.3733324878246762
charpy_energy,3,pwht_time,2,0.5877858101100308
charpy_energy,3,interpass_interval,0,0.0
charpy_energy,3,interpass_interval,1,0.0
charpy_energy,3,interpass_interval,2,0.0
charpy_energy,3,charpy_temperature,0,21.786534112687338
charpy_energy,3,charpy_temperature,1,20.603556849952437
charpy_energy,3,charpy_temperature,2,23.117210526019118
charpy_energy,4,C,0,1.7501367187499977
charpy_energy,4,C,1,1.9249650804924219
charpy_energy,4,C,2,1.7449721827651494
charpy_energy,4,Si,0,2.0605550764339853
charpy_energy,4,Si,1,2.216236838248557
charpy_energy,4,Si,2,2.3512661773989887
charpy_energy,4,Mn,0,0.7930682663690494
charpy_energy,4,Mn,1,0.6481025940205658
charpy_energy,4,Mn,2,0.6866957521645034
charpy_energy,4,S,0,0.131221337256493
charpy_energy,4,S,1,0.2889811620671008
charpy_energy,4,S,2,0.5373254024621197
charpy_energy,4,P,0,3.534565175394368
charpy_energy,4,P,1,2.9168174131739537
charpy_energy,4,P,2,2.353357760847109
charpy_energy,4,Ni,0,0.0
charpy_energy,4,Ni,1,0.0
charpy_energy,4,Ni,2,0.0
charpy_energy,4,Cr,0,3.552713678800501e-15
charpy_energy,4,Cr,1,0.0
charpy_energy,4,Cr,2,0.0
charpy_energy,4,Mo,0,0.0
charpy_energy,4,Mo,1,3.552713678800501e-15
charpy_energy,4,Mo,2,0.0
charpy_energy,4,V,0,3.8652203818317066
charpy_energy,4,V,1,3.2902172534496703
charpy_energy,4,V,2,3.337622711489894
charpy_energy,4,Cu,0,0.0
charpy_energy,4,Cu,1,3.552713678800501e-15
charpy_energy,4,Cu,2,0.0
charpy_energy,4,Co,0,3.552713678800501e-15
charpy_energy,4,Co,1,0.0
charpy_energy,4,Co,2,3.552713678800501e-15
charpy_energy,4,W,0,0.0
charpy_energy,4,W,1,0.0
charpy_energy,4,W,2,3.552713678800501e-15
charpy_energy,4,O,0,3.904085582386367
charpy_energy,4,O,1,2.6310533769615763
charpy_energy,4,O,2,3.5240776346049802
charpy_energy,4,Ti,0,1.5881094144570689
charpy_energy,4,Ti,1,1.1405095880681806
charpy_energy,4,Ti,2,0.8576710464015154
charpy_energy,4,N,0,1.0986145776966065
charpy_energy,4,N,1,1.5880883612914864
charpy_energy,4,N,2,1.3299197048611067
charpy_energy,4,Al,0,1.4375240969967518
charpy_energy,4,Al,1,0.9963710768398251
charpy_energy,4,Al,2,1.0671679687499989
charpy_energy,4,B,0,0.7912675020292212
charpy_energy,4,B,1,0.8091362283549746
charpy_energy,4,B,2,0.6405658143939377
charpy_energy,4,Nb,0,0.023153409090911126
charpy_energy,4,Nb,1,0.04531250000000142
charpy_energy,4,Nb,2,0.044531250000000355
charpy_energy,4,Sn,0,0.0
charpy_energy,4,Sn,1,3.552713678800501e-15
charpy_energy,4,Sn,2,0.0
charpy_energy,4,As,0,0.011931818181817988
charpy_energy,4,As,1,0.011931818181817988
charpy_energy,4,As,2,0.011931818181817988
charpy_energy,4,Sb,0,3.552713678800501e-15
charpy_energy,4,Sb,1,0.0
charpy_energy,4,Sb,2,0.0
charpy_energy,4,current,0,0.5092440307088744
charpy_energy,4,current,1,0.4187045961850675
charpy_energy,4,current,2,0.5183581067370131
charpy_energy,4,voltage,0,0.5736271898674214
charpy_energy,4,voltage,1,0.5779921283143938
charpy_energy,4,voltage,2,0.5326769649621212
charpy_energy,4,current_type,0,0.09488213609307472
charpy_energy,4,current_type,1,0.17792841923701452
charpy_energy,4,current_type,2,0.177734375
charpy_energy,4,polarity,0,0.2572727272727242
charpy_energy,4,polarity,1,0.16764086174242543
charpy_energy,4,polarity,2,0.15965909090909136
charpy_energy,4,heat_input,0,0.7074001736111128
charpy_energy,4,heat_input,1,0.6052435628607533
charpy_energy,4,heat_input,2,0.7554277146464656
charpy_energy,4,interpass_temperature,0,2.2699663654093687
charpy_energy,4,interpass_temperature,1,1.5763086501172427
charpy_energy,4,interpass_temperature,2,1.3227180144074673
charpy_energy,4,weld_type,0,0.6552363478535366
charpy_energy,4,weld_type,1,0.7536103501533198
charpy_energy,4,weld_type,2,0.5697218558351373
charpy_energy,4,pwht_temperature,0,1.49394734172078
charpy_energy,4,pwht_temperature,1,1.2076152146464647
charpy_energy,4,pwht_temperature,2,1.1469972887355695
charpy_energy,4,pwht_time,0,1.0367589962121198
charpy_energy,4,pwht_time,1,1.0727118844696957
charpy_energy,4,pwht_time,2,0.6328967126623404
charpy_energy,4,interpass_interval,0,0.0
charpy_energy,4,interpass_interval,1,0.0
charpy_energy,4,interpass_interval,2,3.552713678800501e-15
charpy_energy,4,charpy_temperature,0,24.790769638347747
charpy_energy,4,charpy_temperature,1,25.84174507350287
charpy_energy,4,charpy_temperature,2,24.65006445594335
charpy_energy,5,C,0,1.1044801886676971
charpy_energy,5,C,1,1.5319682372410188
charpy_energy,5,C,2,1.8390713065144286
charpy_energy,5,Si,0,2.9945153821433355
charpy_energy,5,Si,1,2.075943646771888
charpy_energy,5,Si,2,2.0259504062736458
charpy_energy,5,Mn,0,0.5087955776548174
charpy_energy,5,Mn,1,0.9144124635074888
charpy_energy,5,Mn,2,0.6802277142195852
charpy_energy,5,S,0,0.8169361133365083
charpy_energy,5,S,1,0.7198070598618802
charpy_energy,5,S,2,0.7971918351635559
charpy_energy,5,P,0,3.650187958028406
charpy_energy,5,P,1,3.189723242429574
charpy_energy,5,P,2,3.9851995989643054
charpy_energy,5,Ni,0,3.552713678800501e-15
charpy_energy,5,Ni,1,0.0
charpy_energy,5,Ni,2,3.552713678800501e-15
charpy_energy,5,Cr,0,0.0
charpy_energy,5,Cr,1,0.0
charpy_energy,5,Cr,2,3.552713678800501e-15
charpy_energy,5,Mo,0,4.326454981751548
charpy_energy,5,Mo,1,3.7863253155227046
charpy_energy,5,Mo,2,3.608334740471909
charpy_energy,5,V,0,4.098873124825564
charpy_energy,5,V,1,4.1862904784961525
charpy_energy,5,V,2,4.455427204681959
charpy_energy,5,Cu,0,3.552713678800501e-15
charpy_energy,5,Cu,1,0.0
charpy_energy,5,Cu,2,3.552713678800501e-15
charpy_energy,5,Co,0,3.552713678800501e-15
charpy_energy,5,Co,1,0.0
charpy_energy,5,Co,2,3.552713678800501e-15
charpy_energy,5,W,0,0.0
charpy_energy,5,W,1,0.0
charpy_energy,5,W,2,0.0
charpy_energy,5,O,0,2.4642989310657004
charpy_energy,5,O,1,2.9804610477177196
charpy_energy,5,O,2,2.8662816259850086
charpy_energy,5,Ti,0,1.6266251810351182
charpy_energy,5,Ti,1,1.546290634865377
charpy_energy,5,Ti,2,1.4330208053465316
charpy_energy,5,N,0,1.9189585717406512
charpy_energy,5,N,1,1.9835050142568296
charpy_energy,5,N,2,1.3414732848126807
charpy_energy,5,Al,0,1.2164963319873188
charpy_energy,5,Al,1,1.1439029664307263
charpy_energy,5,Al,2,1.339153106356429
charpy_energy,5,B,0,0.5616312694344856
charpy_energy,5,B,1,0.4035137070164456
charpy_energy,5,B,2,0.11519084201643537
charpy_energy,5,Nb,0,0.0025588369963394086
charpy_energy,5,Nb,1,0.013996336996338954
charpy_energy,5,Nb,2,0.019361998918347112
charpy_energy,5,Sn,0,0.0016785714285738607
charpy_energy,5,Sn,1,0.0016785714285738607
charpy_energy,5,Sn,2,0.0016785714285738607
charpy_energy,5,As,0,0.005250000000001975
charpy_energy,5,As,1,0.005250000000001975
charpy_energy,5,As,2,0.005250000000001975
charpy_energy,5,Sb,0,3.552713678800501e-15
charpy_energy,5,Sb,1,3.552713678800501e-15
charpy_energy,5,Sb,2,3.552713678800501e-15
charpy_energy,5,current,0,0.49549681852994887
charpy_energy,5,current,1,0.5670041655357103
charpy_energy,5,current,2,0.4719372594713249
charpy_energy,5,voltage,0,0.524442548058369
charpy_energy,5,voltage,1,0.4408597730703736
charpy_energy,5,voltage,2,0.4299825492732001
charpy_energy,5,current_type,0,0.057051350383780175
charpy_energy,5,current_type,1,0.054235622420216956
charpy_energy,5,current_type,2,0.05481316261067626
charpy_energy,5,polarity,0,0.05440433285493107
charpy_energy,5,polarity,1,0.05227696816991312
charpy_energy,5,polarity,2,0.0913432427591605
charpy_energy,5,heat_input,0,0.38343887207706473
charpy_energy,5,heat_input,1,0.3091301523002432
charpy_energy,5,heat_input,2,0.40070844367483005
charpy_energy,5,interpass_temperature,0,2.5885276810765543
charpy_energy,5,interpass_temperature,1,4.8304975176792535
charpy_energy,5,interpass_temperature,2,2.9479533961951336
charpy_energy,5,weld_type,0,0.567005650870966
charpy_energy,5,weld_type,1,0.5303972417759244
charpy_energy,5,weld_type,2,0.5263640912989977
charpy_energy,5,pwht_temperature,0,0.9207817509802645
charpy_energy,5,pwht_temperature,1,0.9788942511135534
charpy_energy,5,pwht_temperature,2,0.7701608047464301
charpy_energy,5,pwht_time,0,0.03155073328143665
charpy_energy,5,pwht_time,1,0.1668303502571149
charpy_energy,5,pwht_time,2,0.37450127377375786
charpy_energy,5,interpass_interval,0,0.0
charpy_energy,5,interpass_interval,1,0.0
charpy_energy,5,interpass_interval,2,3.552713678800501e-15
charpy_energy,5,charpy_temperature,0,25.516015009856247
charpy_energy,5,charpy_temperature,1,23.96239034230303
charpy_energy,5,charpy_temperature,2,28.38086977266026
