fraction_labelled_groups,fold,model,threshold_C,n_labelled,n_test,n_natural_unlabelled,n_masked_labels,n_unlabelled_supplied,n_pseudo_labels_added,iterations,termination,accuracy,balanced_accuracy,F1,precision,recall
0.25,1,RF supervised,-45.0,68,72,1216,216,0,0,0,supervised,0.5833333333333334,0.5806949806949807,0.625,0.5813953488372093,0.6756756756756757
0.25,1,RF self-training,-45.0,68,72,1216,216,1432,428,7,no_change,0.625,0.622007722007722,0.6666666666666666,0.6136363636363636,0.7297297297297297
0.25,2,RF supervised,-43.0,71,71,1220,214,0,0,0,supervised,0.7887323943661971,0.788888888888889,0.7887323943661971,0.8,0.7777777777777778
0.25,2,RF self-training,-43.0,71,71,1220,214,1434,492,9,no_change,0.7605633802816901,0.7611111111111111,0.7536231884057971,0.7878787878787878,0.7222222222222222
0.25,3,RF supervised,-46.5,74,71,1219,211,0,0,0,supervised,0.7323943661971831,0.7337042925278219,0.7323943661971831,0.7027027027027027,0.7647058823529411
0.25,3,RF self-training,-46.5,74,71,1219,211,1430,532,6,no_change,0.704225352112676,0.7031001589825119,0.6865671641791045,0.696969696969697,0.6764705882352942
0.25,4,RF supervised,-44.0,71,71,1218,214,0,0,0,supervised,0.647887323943662,0.6548387096774193,0.6575342465753424,0.7272727272727273,0.6
0.25,4,RF self-training,-44.0,71,71,1218,214,1432,771,8,no_change,0.6338028169014085,0.6459677419354839,0.6285714285714286,0.7333333333333333,0.55
0.25,5,RF supervised,-44.0,71,71,1201,214,0,0,0,supervised,0.6338028169014085,0.6339712918660287,0.6486486486486487,0.6666666666666666,0.631578947368421
0.25,5,RF self-training,-44.0,71,71,1201,214,1415,538,10,max_iter,0.6056338028169014,0.6056618819776715,0.6216216216216216,0.6388888888888888,0.6052631578947368
0.5,1,RF supervised,-48.0,140,72,1216,144,0,0,0,supervised,0.7083333333333334,0.7191142191142191,0.7272727272727273,0.6363636363636364,0.8484848484848485
0.5,1,RF self-training,-48.0,140,72,1216,144,1360,352,10,max_iter,0.6944444444444444,0.7086247086247086,0.725,0.6170212765957447,0.8787878787878788
0.5,2,RF supervised,-42.0,145,71,1220,140,0,0,0,supervised,0.7464788732394366,0.7432216905901117,0.7692307692307693,0.75,0.7894736842105263
0.5,2,RF self-training,-42.0,145,71,1220,140,1360,420,10,max_iter,0.7746478873239436,0.777511961722488,0.7777777777777778,0.8235294117647058,0.7368421052631579
0.5,3,RF supervised,-45.0,143,71,1219,142,0,0,0,supervised,0.7605633802816901,0.7615079365079365,0.7733333333333333,0.725,0.8285714285714286
0.5,3,RF self-training,-45.0,143,71,1219,142,1361,367,10,max_iter,0.7183098591549296,0.7202380952380952,0.75,0.6666666666666666,0.8571428571428571
0.5,4,RF supervised,-43.5,140,71,1218,145,0,0,0,supervised,0.6901408450704225,0.6995967741935484,0.6944444444444444,0.78125,0.625
0.5,4,RF self-training,-43.5,140,71,1218,145,1363,483,10,max_iter,0.7183098591549296,0.7318548387096775,0.7142857142857143,0.8333333333333334,0.625
0.5,5,RF supervised,-45.0,136,71,1201,149,0,0,0,supervised,0.6619718309859155,0.6637519872813991,0.6571428571428571,0.696969696969697,0.6216216216216216
0.5,5,RF self-training,-45.0,136,71,1201,149,1350,383,10,max_iter,0.6901408450704225,0.690779014308426,0.6944444444444444,0.7142857142857143,0.6756756756756757
1.0,1,RF supervised,-45.0,284,72,1216,0,0,0,0,supervised,0.8194444444444444,0.818918918918919,0.8266666666666667,0.8157894736842105,0.8378378378378378
1.0,1,RF self-training,-45.0,284,72,1216,0,1216,931,10,max_iter,0.7916666666666666,0.7911196911196912,0.8,0.7894736842105263,0.8108108108108109
1.0,2,RF supervised,-45.0,285,71,1220,0,0,0,0,supervised,0.6901408450704225,0.6888888888888889,0.65625,0.7241379310344828,0.6
1.0,2,RF self-training,-45.0,285,71,1220,0,1220,669,9,no_change,0.7183098591549296,0.7170634920634921,0.6875,0.7586206896551724,0.6285714285714286
1.0,3,RF supervised,-45.0,285,71,1219,0,0,0,0,supervised,0.7887323943661971,0.790079365079365,0.8051948051948052,0.7380952380952381,0.8857142857142857
1.0,3,RF self-training,-45.0,285,71,1219,0,1219,612,10,max_iter,0.7887323943661971,0.790079365079365,0.8051948051948052,0.7380952380952381,0.8857142857142857
1.0,4,RF supervised,-45.0,285,71,1218,0,0,0,0,supervised,0.7605633802816901,0.7607142857142857,0.7605633802816901,0.7714285714285715,0.75
1.0,4,RF self-training,-45.0,285,71,1218,0,1218,225,10,max_iter,0.704225352112676,0.7047619047619047,0.6956521739130435,0.7272727272727273,0.6666666666666666
1.0,5,RF supervised,-45.0,285,71,1201,0,0,0,0,supervised,0.8028169014084507,0.8048489666136724,0.8,0.8484848484848485,0.7567567567567568
1.0,5,RF self-training,-45.0,285,71,1201,0,1201,340,10,max_iter,0.7605633802816901,0.7643084260731319,0.746268656716418,0.8333333333333334,0.6756756756756757
