target,protocol,fold,MAE,RMSE,R2
yield_strength,composition,1,29.789151973729357,38.233163513994725,0.7888248023478031
yield_strength,composition,2,37.686563626002894,59.780498095029415,0.6657079906017564
yield_strength,composition,3,32.89319823185628,48.646601785153955,0.7517157012837462
yield_strength,composition,4,33.52127451190323,45.51637647996858,0.7562154447093331
yield_strength,composition,5,33.48729518667058,46.478847847778546,0.7033260669653398
yield_strength,rows,1,32.11354413429891,41.50164377343053,0.8094079940340373
yield_strength,rows,2,28.405263950776444,39.84868426927304,0.7473077519798966
yield_strength,rows,3,30.802326621548474,48.27784710993552,0.7663032915129693
yield_strength,rows,4,27.01021057228645,36.02955717457857,0.8063999390062355
yield_strength,rows,5,35.524405708885574,50.30480780594131,0.7705516326936324
yield_strength,source,1,48.16366150540254,65.8282555830689,0.3144732218829396
yield_strength,source,2,59.23733609151418,76.81310027869363,0.2636727193764734
yield_strength,source,3,57.5189285363539,77.58685816725419,0.5430360576662883
yield_strength,source,4,46.22181222302623,67.0714866504112,0.5734096984746009
yield_strength,source,5,41.60182984379832,60.18192936666669,0.3378815778312041
yield_strength,censor_fraction_0.0,1,29.29784857466919,37.750520492616616,0.7941227640936188
yield_strength,censor_fraction_0.0,2,38.32933615347438,59.75303052400354,0.6660151168491593
yield_strength,censor_fraction_0.0,3,32.881011569727015,49.273770287256774,0.7452725024445797
yield_strength,censor_fraction_0.0,4,34.0359194371942,45.75971751684453,0.7536018200009624
yield_strength,censor_fraction_0.0,5,33.70081841654828,46.6905248480355,0.7006176500025999
yield_strength,censor_fraction_1.0,1,29.94834506158906,37.858782356872766,0.7929402313471567
yield_strength,censor_fraction_1.0,2,38.50778680216241,59.68145973993802,0.666814716273014
yield_strength,censor_fraction_1.0,3,33.38786212362023,49.55214487252507,0.7423861811875911
yield_strength,censor_fraction_1.0,4,33.87268239977615,45.583541716135485,0.7554954432790673
yield_strength,censor_fraction_1.0,5,33.67233915298084,46.58051528209528,0.7020267634269008
charpy_energy,composition,1,25.026564554940794,39.53474770684472,0.4292222848563607
charpy_energy,composition,2,20.688791547684488,31.133072159649547,0.645105706360887
charpy_energy,composition,3,19.795950152143433,30.444144328927404,0.5941089266614481
charpy_energy,composition,4,14.88463706396517,22.930124775358827,0.768638086764496
charpy_energy,composition,5,16.44954507496472,25.348255695243772,0.7310913986486244
charpy_energy,rows,1,17.374844301452967,23.03104146411872,0.8093194652304081
charpy_energy,rows,2,16.692854638056584,23.76886119222173,0.7336012079211037
charpy_energy,rows,3,15.962170274978332,24.32475942092923,0.7958750452892625
charpy_energy,rows,4,16.53644778657233,22.866249795286564,0.7629914206942324
charpy_energy,rows,5,16.539772951255088,24.1665414670704,0.7641959642102901
charpy_energy,source,1,28.607114186268213,38.87829030119136,0.16650609811957184
charpy_energy,source,2,47.2319960565273,54.40058173544307,0.20816246200631539
charpy_energy,source,3,47.14313947579573,65.32972189519721,-0.41080376173104316
charpy_energy,source,4,42.13764353764922,48.603699467127164,0.1310695093548917
charpy_energy,source,5,33.402281399156415,43.29406429143237,0.1675195034229885
charpy_energy,without_charpy_temperature,1,33.69898159974111,48.45831936353268,0.1424770322830169
charpy_energy,without_charpy_temperature,2,35.07023103296239,48.117249278441896,0.15227177351134624
charpy_energy,without_charpy_temperature,3,34.40375945189755,45.016077697467665,0.11256355705764542
charpy_energy,without_charpy_temperature,4,30.553002394462126,43.1719606084832,0.17987023261118307
charpy_energy,without_charpy_temperature,5,30.80080090803089,41.89032080672827,0.2655945217155362
charpy_energy,censor_fraction_0.0,1,25.398794338923846,40.28407813167104,0.4073805180198633
charpy_energy,censor_fraction_0.0,2,20.747565937554402,31.005201808854174,0.6480149768528913
charpy_energy,censor_fraction_0.0,3,20.049593437815304,30.662705722654316,0.588260146411513
charpy_energy,censor_fraction_0.0,4,14.939704523562682,23.23781708366932,0.7623872783898371
charpy_energy,censor_fraction_0.0,5,16.39529322086644,25.277938278701683,0.7325812629714074
charpy_energy,censor_fraction_1.0,1,25.176762051752647,39.23483407823092,0.4378493644779814
charpy_energy,censor_fraction_1.0,2,20.540366570412008,31.01448670234202,0.6478041326976105
charpy_energy,censor_fraction_1.0,3,20.04963907519875,30.696362843004284,0.5873557524170167
charpy_energy,censor_fraction_1.0,4,14.473642892446007,22.71408322924938,0.7729772099884156
charpy_energy,censor_fraction_1.0,5,16.49322672382182,25.638183000716793,0.7249047944368106
