target,model,MAE_mean,MAE_sd,RMSE_mean,RMSE_sd,R2_mean,R2_sd,MAE_pooled,RMSE_pooled,R2_pooled
charpy_energy,Forêt,18.259590211244937,4.320275496706228,29.071285317581435,6.898520226499021,0.6507530435854102,0.1444264208061567,18.263667014734047,29.724873886983747,0.6478161241749083
charpy_energy,XGBoost,19.092600096417712,2.851702977278879,29.17074134222785,4.291748127418054,0.6543300994855672,0.08119652898340068,19.095862439603664,29.427494040941465,0.6548276589765564
charpy_energy,kNN,22.341088983100757,4.207312013448643,34.53033274862772,7.001122428087971,0.5124828058934519,0.15560601053315676,22.345268650651867,35.10207940252012,0.5088715238434913
charpy_energy,Arbre,22.79902616608905,2.4483156514937843,38.97289458939407,4.555689092128603,0.3844392600191393,0.1138054369987084,22.798420761901664,39.18799284980754,0.3878815534261242
charpy_energy,SVR RBF,22.973983687744575,2.871050974819491,33.23769785238638,5.608574771272508,0.5486821355089944,0.1202189119143031,22.97844861869694,33.62291995990689,0.5493905652140312
charpy_energy,RFF supervisé,26.424624408049716,2.5509995632711817,33.66153182103382,2.841124403676602,0.5388864999397805,0.08299540989594374,26.426646717896332,33.76071581283368,0.5456895572919891
charpy_energy,RFF graphe,26.492124740590775,2.5743243099103443,33.73868678549883,2.8497617124135908,0.5367691212749879,0.08332230293301372,26.494120536103583,33.838201546302265,0.5436017475678742
charpy_energy,Ridge,32.36679034699306,8.036491067278444,49.52867127735395,27.845632703423018,-0.2638356679429204,1.5834235075336736,32.35161977895411,55.36938624520876,-0.22199336026832617
charpy_energy,Moyenne,38.926471451201714,2.170904262184292,50.179584939647185,2.54337250102975,-0.015749829939426217,0.01977895466914423,38.92756790713219,50.23261514552877,-0.005775388179160457
elongation,SVR RBF,1.883425439032175,0.14106255499455508,2.691318775188585,0.24572273856827756,0.6943506157680069,0.03759250934735304,1.8834254390321752,2.7002778525703945,0.6953807310491715
elongation,Forêt,1.9464931473214293,0.1612690426021022,2.6647687652499554,0.2313287985839526,0.6999839574019263,0.03853624201834092,1.9464931473214289,2.672789363697635,0.7015511350834628
elongation,XGBoost,1.9685061024257113,0.16764463244115982,2.6966290780991136,0.25895350143962526,0.6936641178533227,0.03481356018046599,1.9685061024257116,2.7065575769925805,0.6939622478398604
elongation,kNN,2.177208353996657,0.21605257445715947,2.944895707665173,0.39550953931504157,0.6343395460007422,0.0650152456260117,2.1772083539966576,2.966066918593732,0.6324619109766216
elongation,Ridge,2.346590791143263,0.24310585152930608,3.1836532752619524,0.38919815895918686,0.5736777668696371,0.06198265359342845,2.346590791143263,3.2026283491276244,0.5714973125772629
elongation,RFF supervisé,2.585267677283906,0.21337515411042998,3.327957550341013,0.2616527982352169,0.5327596838622096,0.048133748372618676,2.5852676772839054,3.3361761353878205,0.5350155755952056
elongation,RFF graphe,2.58643964624183,0.21417966687787587,3.328121775812221,0.26240197242539304,0.5327971876499527,0.04720424438351281,2.5864396462418298,3.3363870265216056,0.5349567872172156
elongation,Arbre,2.733676325404717,0.3989322596705613,3.6246285392690347,0.5838806637285372,0.4445801837406186,0.13353834316850985,2.733676325404717,3.6620575297589792,0.4397384892114725
elongation,Moyenne,4.046607653061225,0.2909442477585349,4.895780045123382,0.24708996976505726,-0.009821822126400547,0.01619307195662378,4.0466076530612245,4.900765757792867,-0.0033867292459492937
reduction_area,SVR RBF,2.4890319311954023,0.5272408262826533,4.596042783298065,1.3068704857697666,0.7263635388311493,0.0523619727941275,2.4890319311954023,4.742355705676991,0.7173575787029456
reduction_area,Forêt,2.640071947469886,0.5923262396826533,4.689543471256695,1.6005286451108267,0.7158165884574946,0.0876747228787181,2.640071947469886,4.903179736034824,0.697862437889181
reduction_area,XGBoost,2.757280291834621,0.4567487139210045,4.826368884475079,1.3639700517404962,0.6975956280778581,0.06124054139492373,2.7572802918346215,4.978169146449847,0.6885499597548053
reduction_area,kNN,2.7704599835452273,0.5215348507943152,4.881701472711329,1.4308007201984194,0.6907456011056552,0.06684879418885228,2.7704599835452264,5.046658481550758,0.6799211884711779
reduction_area,Ridge,3.156652252469871,0.5434378742780909,4.872074589579426,1.3430956027866754,0.6899491333483949,0.06782921176503982,3.156652252469871,5.01799117625823,0.6835472454751625
reduction_area,RFF supervisé,3.5176890767964366,0.695231938567296,5.509341794757992,1.5555017827446882,0.6050179331964565,0.08920892580072635,3.517689076796437,5.682298447667523,0.5942138929256892
reduction_area,RFF graphe,3.52994624509041,0.6812053199025573,5.580554062067586,1.459974885084137,0.5945678469500375,0.07117659808097815,3.5299462450904104,5.731300460778529,0.587185021121106
reduction_area,Arbre,3.5828578864206575,0.6816347883074342,6.20352712400751,1.6223041990361908,0.491086598187265,0.12658964360196442,3.5828578864206566,6.370968961599583,0.4898944224063555
reduction_area,Moyenne,6.745477088677633,0.9208014160507966,8.828838622068183,1.7862150935178174,-0.024546795916843278,0.030283860938140082,6.745477088677632,8.972226195475207,-0.011694808564874482
temperature_100J,SVR RBF,12.288627927162102,1.8408028512642869,18.432687533600983,2.908051147906824,0.47754273108566014,0.12000297396232457,12.287581389414667,18.617064556049797,0.48416963095310217
temperature_100J,Forêt,12.549186498015128,2.4348991743625996,18.469869169016725,3.6062773847838994,0.47634980003898264,0.14217633202975247,12.545136471406837,18.749923196011185,0.47678102696698244
temperature_100J,XGBoost,12.97905891348312,1.6460611351632388,18.812856761061955,3.072333440174633,0.4533966374785943,0.14731876661785603,12.980719925312513,19.015667861758175,0.4618446474612248
temperature_100J,kNN,13.42915938524311,1.895956464004255,19.318523416122016,2.477548151796105,0.42712843744526285,0.10289919303275125,13.425191871802925,19.446060475732978,0.4372081988524651
temperature_100J,RFF graphe,14.691239645459495,2.5173466524292483,19.666504513476518,3.400390027720897,0.40974596630516,0.11971007291303683,14.688951640289217,19.90056452195559,0.4105929986144906
temperature_100J,RFF supervisé,14.710381955421065,2.5000392457378804,19.713158233814795,3.404232541941776,0.40520269880513216,0.13182974807400635,14.70876257188159,19.948193057336105,0.4077683364680237
temperature_100J,Arbre,15.44815770071122,2.5329911831490644,21.450813394837105,4.020304241509378,0.27945774184771377,0.27368079117040833,15.449898456655362,21.760575916646737,0.2952659290493218
temperature_100J,Ridge,15.902413397144448,3.0582128201127237,20.93149597306867,4.0045513166868885,0.32603853690692897,0.18968046485981224,15.90126359625798,21.238392987147304,0.32868275600302754
temperature_100J,Moyenne,19.70946297669055,2.5005762841850303,25.78212409805048,3.4583328814594205,-0.00826423139385688,0.005103621245637522,19.70660081125428,25.95963145119204,-0.0029552195117925617
tensile_strength,SVR RBF,20.082511607412474,1.667849619122424,31.518362970963267,5.31913827254593,0.8697809267618583,0.03182287406209068,20.079503838788344,31.864219253702604,0.8705885183125667
tensile_strength,XGBoost,23.844131070680753,1.9306490551903415,35.17850255271695,6.306144879142856,0.8402880338988348,0.02606969673070387,23.84003429051014,35.615657112450236,0.8383230270936932
tensile_strength,Forêt,27.504842874984767,3.215706776418586,39.30996290924107,8.080285886697052,0.7980072845922941,0.05558822951014667,27.49816818626269,39.951048413321445,0.7965664359936991
tensile_strength,kNN,30.321437755241597,2.8763943550453708,45.489614161553035,8.838377078488236,0.7276311306260295,0.08169379957316884,30.319835317371556,46.15641891936775,0.7284620975006488
tensile_strength,Ridge,33.50011321757741,1.8819568830405244,47.44202134577456,7.12032015789338,0.708321012299724,0.04154326810603278,33.49666673309518,47.85286053118418,0.7081349758238227
tensile_strength,RFF supervisé,35.38157818499813,3.552413862967966,51.59174615395007,11.12598626475499,0.6571567138846175,0.07532568166404294,35.374240449885846,52.51923609849518,0.6484370926553943
tensile_strength,RFF graphe,35.48453595957443,3.5371921421605648,51.671818181870606,11.051772012720948,0.6560862094315809,0.07445174164827649,35.4772025382508,52.585446462011376,0.6475501117239078
tensile_strength,Arbre,40.15274536074943,2.1087928593212384,56.61818069123662,3.595044949470505,0.5742068343102641,0.09794572395558435,40.14854675110162,56.70310189073426,0.5901925204356635
tensile_strength,Moyenne,70.15774485659668,6.326325426658289,88.27486848839092,9.863198191771527,-0.008580367401283252,0.008234744025649476,70.14519907534675,88.69501126152957,-0.0026852644909380885
yield_strength,SVR RBF,26.502064211382383,2.5064665185833537,42.51112339395513,5.942626180872079,0.7840840415821906,0.05169758715488782,26.502064211382383,42.842122460920955,0.7868963918437757
yield_strength,XGBoost,28.34226022573618,3.3580479415313484,42.17666590923357,8.351491486095734,0.7923814096064673,0.04649845905783322,28.34226022573618,42.833037193887726,0.7869867654193998
yield_strength,Forêt,31.459084964514652,3.0746068929362624,45.35298774267153,8.695517422143155,0.7590651603882703,0.055800767929353706,31.45908496451465,46.015031411245936,0.7541624086752423
yield_strength,kNN,36.31671034318878,4.195528864222635,53.21802531715224,7.5463180248306525,0.6690465270108594,0.039460545178435225,36.31671034318878,53.644345007116684,0.665884410085672
yield_strength,RFF supervisé,43.06067053564297,2.59771473749254,58.856328201625026,2.818549733696761,0.5900708687208758,0.04332095580704738,43.06067053564297,58.91029407037839,0.5970684932941979
yield_strength,RFF graphe,43.11285874308158,2.657311544286052,58.89161815364521,2.853566637775429,0.5896492573730432,0.04268833572673287,43.11285874308158,58.94689951812337,0.5965675937167657
yield_strength,Ridge,45.142318265048814,3.297200818327838,64.02630478322945,6.628573455549027,0.5155567715559934,0.07435077355493003,45.14231826504881,64.300218452502,0.5199640718264578
yield_strength,Arbre,45.50006270894172,2.5661249813027056,61.89905363694358,7.053635474976066,0.5514953976309195,0.02940486156142235,45.50006270894172,62.21973850700669,0.5505253430960659
yield_strength,Moyenne,71.72288091715977,6.9325192303715575,92.58839355221669,8.379701219684767,-0.005282030775132407,0.00281045410034808,71.72288091715976,92.89125973203889,-0.0018404244280585402
