row_id,predicted
1,78.98746601067671
4,78.57943835370877
7,77.0728670820686
10,75.28320045574965
15,77.95443871108024
20,74.3196182576457
23,77.60403225070243
26,76.81889043645423
29,75.33916751077736
32,73.04127747875746
35,75.10495135798554
38,74.16983063569442
41,72.2535952630131
44,70.30389469543043
47,72.34535400263313
50,71.46160621931308
53,69.48847967912087
56,67.38276961019727
71,77.3533459481583
72,77.3533459481583
73,77.3533459481583
75,77.3658159718769
76,77.3658159718769
77,77.3658159718769
79,77.69738557727254
80,77.69738557727254
81,77.69738557727254
83,77.44583517765906
84,77.44583517765906
85,77.44583517765906
87,76.47092877659483
88,76.47092877659483
89,76.47092877659483
91,74.92784600033002
92,74.92784600033002
93,74.92784600033002
95,78.5151783855655
96,78.5151783855655
97,78.5151783855655
99,77.88205333432334
100,77.88205333432334
101,77.88205333432334
103,78.08789348082139
104,78.08789348082139
105,78.08789348082139
107,77.30456747110559
108,77.30456747110559
109,77.30456747110559
111,76.12328418876143
112,76.12328418876143
113,76.12328418876143
115,74.72484279357036
116,74.72484279357036
117,74.72484279357036
119,78.06406546428643
120,78.06406546428643
122,78.33669439420312
123,78.33669439420312
125,78.53031434052116
126,78.53031434052116
128,78.17138582093037
129,78.17138582093037
131,76.32294114211157
132,76.32294114211157
134,74.66432575050564
135,74.66432575050564
137,77.35337332682289
138,77.35337332682289
139,77.35337332682289
141,78.42209711309809
142,78.42209711309809
143,78.42209711309809
145,78.08596345477675
146,78.08596345477675
147,78.08596345477675
149,76.69977322410674
150,76.69977322410674
151,76.69977322410674
153,75.15999285818825
154,75.15999285818825
155,75.15999285818825
157,72.20020349589113
158,72.20020349589113
159,72.20020349589113
161,78.42848009900985
162,78.42848009900985
163,78.42848009900985
165,77.82978449526884
166,77.82978449526884
167,77.82978449526884
169,77.75903713866353
170,77.75903713866353
171,77.75903713866353
173,76.1016168959811
174,76.1016168959811
175,76.1016168959811
177,74.90572067830715
178,74.90572067830715
179,74.90572067830715
181,73.63970727612657
182,73.63970727612657
183,73.63970727612657
185,63.39611897059034
186,63.39611897059034
187,63.39611897059034
189,62.20215237335111
190,62.20215237335111
191,62.20215237335111
193,60.47482680026527
194,60.47482680026527
195,60.47482680026527
197,59.30374333002909
198,59.30374333002909
199,59.30374333002909
201,63.60425794860208
202,63.60425794860208
203,63.60425794860208
205,62.091196283762535
206,62.091196283762535
207,62.091196283762535
209,61.245298745386876
210,61.245298745386876
211,61.245298745386876
213,60.08370257625212
214,60.08370257625212
215,60.08370257625212
218,79.51115280302662
221,78.86132015956451
224,76.96534065263667
227,74.98807140139576
232,77.89175922185115
237,74.04654627377151
240,77.75980708744463
243,77.07034046890536
246,75.26023565954591
249,73.00306589192718
252,76.1327602860161
255,75.0631740534088
258,73.35056853696301
261,70.99487408934948
264,71.76317234715253
267,70.56387990269873
270,69.33983988467273
273,66.75702670946062
275,77.4548130061861
276,77.4548130061861
277,77.4548130061861
279,79.28176881090205
280,79.28176881090205
282,78.46181547495927
283,78.46181547495927
285,79.93961983274232
287,78.23703440010887
288,78.23703440010887
290,79.80856014586911
291,79.80856014586911
293,78.23595036455214
294,78.23595036455214
295,78.23595036455214
297,79.79353551837981
298,79.79353551837981
300,78.01971391932246
301,78.01971391932246
303,79.5974572523593
304,79.5974572523593
306,78.40190669500535
307,78.40190669500535
308,78.40190669500535
310,79.94346268034393
311,79.94346268034393
313,77.52996944565443
314,77.52996944565443
315,77.52996944565443
317,79.20048089044563
318,79.20048089044563
320,76.34512520122105
321,76.34512520122105
322,76.34512520122105
324,78.00476841911767
325,78.00476841911767
327,75.03531811063344
328,75.03531811063344
329,75.03531811063344
331,76.68936671974403
332,76.68936671974403
334,77.87422426384913
337,76.85042274814899
340,76.04494668162508
343,75.78502907689956
346,75.22520955284782
349,76.79935580166838
352,76.40624076001728
355,76.11668386975164
358,75.50531339982759
361,74.77754717914196
364,76.27662835650877
367,76.09341588077181
370,75.38507281820918
373,74.85225420565999
376,73.88545049234234
379,74.98185266171431
382,74.79777290357576
385,74.40300659184962
388,73.98992196597645
391,73.00648208806636
394,77.87422426384913
397,76.69277663594157
400,75.99455926320665
403,74.49713371874233
406,70.90406069587955
409,77.67342616140182
412,76.13916443067322
415,75.6114366241473
418,74.1048841627731
421,70.63508757354397
424,76.27662835650877
427,75.38275025208056
430,75.16349451062699
433,73.37477523460477
436,70.67338084911471
439,76.31269879528926
442,74.29827242490046
445,73.6525815292875
448,72.6443833318518
451,70.079114612384
466,81.52071847909976
467,81.52071847909976
468,81.52071847909976
469,81.52071847909976
470,81.52071847909976
471,81.52071847909976
473,81.13704039311911
474,81.13704039311911
475,81.13704039311911
476,81.13704039311911
477,81.13704039311911
478,81.13704039311911
480,79.79935651921188
481,79.79935651921188
482,79.79935651921188
483,79.79935651921188
484,79.79935651921188
485,79.79935651921188
487,77.90942503154027
488,77.90942503154027
489,77.90942503154027
490,77.90942503154027
491,77.90942503154027
492,77.90942503154027
494,81.06043793961979
495,81.06043793961979
496,81.06043793961979
497,81.06043793961979
498,81.06043793961979
500,80.13619541493449
501,80.13619541493449
502,80.13619541493449
503,80.13619541493449
504,80.13619541493449
505,80.13619541493449
507,78.70194544321798
508,78.70194544321798
509,78.70194544321798
510,78.70194544321798
511,78.70194544321798
512,78.70194544321798
514,75.96231130118598
515,75.96231130118598
516,75.96231130118598
517,75.96231130118598
518,75.96231130118598
519,75.96231130118598
521,79.49447646549642
522,79.49447646549642
523,79.49447646549642
524,79.49447646549642
525,79.49447646549642
526,79.49447646549642
528,78.07104433500609
529,78.07104433500609
530,78.07104433500609
531,78.07104433500609
532,78.07104433500609
533,78.07104433500609
535,77.64773844804891
536,77.64773844804891
537,77.64773844804891
538,77.64773844804891
539,77.64773844804891
540,77.64773844804891
542,75.7691790501988
543,75.7691790501988
544,75.7691790501988
545,75.7691790501988
546,75.7691790501988
547,75.7691790501988
549,75.10650967918045
550,75.10650967918045
551,75.10650967918045
552,75.10650967918045
553,75.10650967918045
555,74.20621162532368
556,74.20621162532368
557,74.20621162532368
558,74.20621162532368
559,74.20621162532368
560,74.20621162532368
562,72.64418954756883
563,72.64418954756883
564,72.64418954756883
565,72.64418954756883
566,72.64418954756883
567,72.64418954756883
569,70.69196868559482
570,70.69196868559482
571,70.69196868559482
572,70.69196868559482
573,70.69196868559482
574,70.69196868559482
576,78.34910929516174
577,78.34910929516174
578,78.34910929516174
580,78.30364126966958
581,78.30364126966958
582,78.30364126966958
584,78.44030887247058
585,78.44030887247058
586,78.44030887247058
588,79.19518671478619
589,79.19518671478619
590,79.19518671478619
592,78.87026635377366
593,78.87026635377366
594,78.87026635377366
596,79.35092998499297
597,79.35092998499297
598,79.35092998499297
600,78.7385816282824
601,78.7385816282824
602,78.7385816282824
604,78.60283131602701
605,78.60283131602701
606,78.60283131602701
608,77.4662485695509
609,77.4662485695509
610,77.4662485695509
612,77.52183268929502
613,77.52183268929502
614,77.52183268929502
616,76.43688532009584
619,77.14119968300139
622,77.3169154116907
625,77.46733169946725
628,77.32785529530456
631,76.6306473506543
634,77.28537520006351
637,77.67168595622819
640,77.75240909382764
643,77.49057667107398
646,76.80534245123046
649,77.03344423724228
652,77.61882286314201
655,77.46449845129423
658,77.09259321633829
661,76.14317306434027
664,76.2386108134979
667,76.92802544573838
670,77.00486118437709
673,76.31676206857026
704,66.64335845682803
705,67.17625945744271
706,66.25697173696757
707,66.92083275753116
708,64.04737381146471
709,64.91331102549339
710,63.01908271339407
711,64.27264039903746
732,75.87426145282805
733,75.34464869464364
734,74.48836959707856
735,73.81997417788475
736,74.3592607842718
737,74.0043540323999
738,72.28252450937505
739,71.33294739252005
740,70.77249966886694
741,69.79978786996048
742,70.40867733997526
743,69.28258810425345
744,69.57697103440306
745,68.33010970168903
746,69.10459829788408
747,68.01452464521958
748,68.74765846769918
749,67.50131630369859
750,79.86140996593576
751,79.86140996593576
752,79.86140996593576
753,79.86140996593576
754,79.86140996593576
755,79.86140996593576
756,79.81679191102437
757,79.81679191102437
758,79.81679191102437
759,79.81679191102437
760,79.81679191102437
761,79.81679191102437
762,78.89929412094781
763,78.89929412094781
764,78.89929412094781
765,78.89929412094781
766,78.89929412094781
767,78.89929412094781
768,76.84172694802342
769,76.84172694802342
770,76.84172694802342
771,76.84172694802342
772,76.84172694802342
773,76.84172694802342
774,79.34987879146351
775,79.34987879146351
776,79.34987879146351
777,79.34987879146351
778,79.34987879146351
779,79.34987879146351
780,79.512566140127
781,79.512566140127
782,79.512566140127
783,79.512566140127
784,79.512566140127
785,79.512566140127
786,79.15210371035194
787,79.15210371035194
788,79.15210371035194
789,79.15210371035194
790,79.15210371035194
791,79.15210371035194
792,77.71536313846131
793,77.71536313846131
794,77.71536313846131
795,77.71536313846131
796,77.71536313846131
797,77.71536313846131
798,77.56640900931076
799,77.56640900931076
800,77.56640900931076
801,77.56640900931076
802,77.56640900931076
803,77.56640900931076
804,76.83433277021174
805,76.83433277021174
806,76.83433277021174
807,76.83433277021174
808,76.83433277021174
809,76.83433277021174
810,75.52570660399938
811,75.52570660399938
812,75.52570660399938
813,75.52570660399938
814,75.52570660399938
815,75.52570660399938
816,71.77359909094871
817,71.77359909094871
818,71.77359909094871
819,71.77359909094871
820,71.77359909094871
821,71.77359909094871
822,74.62817822659467
823,74.62817822659467
824,74.62817822659467
825,74.62817822659467
826,74.62817822659467
827,74.62817822659467
828,73.56931194606243
829,73.56931194606243
830,73.56931194606243
831,73.56931194606243
832,73.56931194606243
833,73.56931194606243
834,71.04139869406171
835,71.04139869406171
836,71.04139869406171
837,71.04139869406171
838,71.04139869406171
839,71.04139869406171
840,71.64073986787618
841,71.64073986787618
842,71.64073986787618
843,71.64073986787618
844,71.64073986787618
845,71.64073986787618
846,66.04467525362101
847,64.46134817252032
848,67.70380651042751
849,65.95785226714251
850,67.6073920435756
851,66.68677791393115
852,66.490983253239
853,66.38747853338218
854,63.557632994252714
855,62.0341410399183
856,71.85910332846055
857,69.90813463998748
858,70.07827832761573
859,65.61271568087145
860,64.6493894802727
861,64.03240786829895
862,62.57728967753217
863,77.10537086938918
864,77.48204810501053
865,75.53200133266738
866,75.96894712660719
867,74.4563298078704
868,74.95115432163583
869,72.57062593671564
870,73.157817395847
871,71.65557501488175
872,72.32665366081825
873,70.29899512019671
874,70.98243346006109
875,69.1339316711616
876,69.90647571235773
877,67.30010922823429
878,68.09748445174469
879,58.40194279336551
880,57.63388015004095
881,56.60378100053186
882,56.58030666923046
883,59.26952968848917
884,58.20460950773851
885,57.588927848157084
886,57.72830998424221
887,56.60014577382725
888,54.89322430871527
889,53.68426309958417
890,53.070369920833684
891,53.83951289717116
892,53.034838179834765
893,51.65272730513027
894,51.105787224844335
920,72.876892027242
922,72.14373429333418
924,70.39607403287181
926,72.5048216784261
928,68.71704323360359
930,71.0878660954681
946,65.03836221937537
947,65.03836221937537
948,65.03836221937537
949,65.03836221937537
951,65.11230630028822
952,65.11230630028822
953,65.11230630028822
954,65.11230630028822
956,65.4875606414524
957,65.4875606414524
958,65.4875606414524
959,65.4875606414524
961,66.27027005799994
962,66.27027005799994
963,66.27027005799994
964,66.27027005799994
966,65.56977696836141
967,65.56977696836141
968,65.56977696836141
969,65.56977696836141
971,59.24240882778604
972,59.24240882778604
973,59.24240882778604
974,59.24240882778604
976,66.11223052330884
977,66.11223052330884
978,66.11223052330884
979,66.11223052330884
981,61.66544547779201
982,61.66544547779201
983,61.66544547779201
984,61.66544547779201
986,71.78461046231504
987,71.78461046231504
988,71.78461046231504
989,71.78461046231504
991,72.89629752206551
992,72.89629752206551
993,72.89629752206551
994,72.89629752206551
996,72.86611949581666
997,72.86611949581666
998,72.86611949581666
999,72.86611949581666
1001,73.11243360111305
1002,73.11243360111305
1003,73.11243360111305
1004,73.11243360111305
1006,72.13811241301015
1007,72.13811241301015
1008,72.13811241301015
1009,72.13811241301015
1011,69.99927996752398
1012,69.99927996752398
1013,69.99927996752398
1014,69.99927996752398
1016,71.58258453527826
1017,71.58258453527826
1018,71.58258453527826
1019,71.58258453527826
1021,68.1071551386144
1022,68.1071551386144
1023,68.1071551386144
1037,79.60666144038667
1039,79.27760906484329
1041,77.90453115392006
1043,75.75606258274637
1045,79.73821322469905
1047,79.54874237915784
1049,78.197645411634
1051,76.79892286293382
1053,79.69311599133434
1055,79.71600150732384
1057,78.92653645334704
1059,77.99768537767083
1061,78.88258092330703
1063,79.28349094962567
1065,78.79135917418513
1067,77.77777200673818
1151,65.6192692327713
1152,65.97468417953776
1154,65.57216501992578
1155,65.68919347576565
1158,61.45188447375091
1166,57.568315687589404
1167,59.69146335763401
1168,58.19904376831492
1169,58.5852818113799
1170,58.543300333637006
1171,58.356255529403086
1172,58.55405111133934
1173,58.36728935454856
1174,58.56530681120997
1175,58.378851786085214
1176,59.39535886403166
1177,60.332780791377736
1178,60.05233033051371
1179,60.36756231191695
1180,60.08753749318463
1181,60.402510428079026
1182,60.12294741904384
1183,59.85172795117779
1184,60.30387025665279
1185,60.091379672792065
1186,60.324755515961115
1187,60.11259468447207
1188,60.34588921779485
1189,60.13408532544612
1190,57.668792219154014
1191,57.74093586749506
1192,57.595081733131764
1193,57.75616391055578
1194,57.610416482736284
1195,57.771965469265105
1196,57.6263437964722
1197,57.38098895205847
1198,57.61774610765066
1199,57.50290945006855
1200,57.63788791982057
1201,57.52299564196351
1202,57.65861677023749
1203,57.543684711420326
1204,61.0176529318383
1205,61.0176529318383
1206,61.0176529318383
1207,61.0176529318383
1208,61.50108144606201
1209,61.50108144606201
1210,61.50108144606201
1211,61.50108144606201
1212,58.20093685999907
1213,58.20093685999907
1214,58.20093685999907
1215,58.20093685999907
1216,58.318366866224395
1217,58.318366866224395
1218,58.318366866224395
1219,58.318366866224395
1232,61.30257859473156
1233,61.30257859473156
1234,61.30257859473156
1235,61.30257859473156
1236,61.30257859473156
1237,61.30257859473156
1238,61.02695769975236
1239,61.02695769975236
1240,61.02695769975236
1241,61.02695769975236
1242,61.02695769975236
1243,61.96323509796623
1244,61.96323509796623
1245,61.96323509796623
1246,61.96323509796623
1247,61.96323509796623
1248,61.96323509796623
1249,62.13115418837326
1250,62.13115418837326
1251,62.13115418837326
1252,62.13115418837326
1253,62.13115418837326
1254,62.13115418837326
1255,73.14637430101169
1256,73.14637430101169
1257,73.14637430101169
1258,73.14637430101169
1259,73.14637430101169
1260,73.14637430101169
1261,73.14637430101169
1262,71.65362353034133
1263,71.9479103176204
1264,71.9479103176204
1265,71.9479103176204
1266,71.9479103176204
1267,71.9479103176204
1268,71.9479103176204
1269,70.61936629354379
1270,73.08911150131685
1271,73.08911150131685
1272,73.08911150131685
1273,73.08911150131685
1274,73.08911150131685
1275,73.08911150131685
1276,71.54145579435992
1288,69.39077518216395
1289,69.39077518216395
1290,69.39077518216395
1294,68.10727158926849
1295,68.10727158926849
1296,68.10727158926849
1300,70.42441699414402
1301,70.42441699414402
1302,70.42441699414402
1308,67.94586907666225
1309,67.94586907666225
1310,67.94586907666225
1311,67.94586907666225
1312,67.94586907666225
1313,67.94586907666225
1314,67.94586907666225
1315,67.94586907666225
1316,67.94586907666225
1317,67.94586907666225
1318,67.94586907666225
1320,65.88345800022744
1321,65.88345800022744
1322,65.88345800022744
1323,65.88345800022744
1324,65.88345800022744
1325,65.88345800022744
1326,65.88345800022744
1327,65.88345800022744
1329,68.1054196888737
1330,68.1054196888737
1331,68.1054196888737
1332,68.1054196888737
1333,68.1054196888737
1334,68.1054196888737
1335,68.1054196888737
1337,63.45347206131258
1338,63.45347206131258
1339,63.45347206131258
1340,63.45347206131258
1341,63.45347206131258
1342,63.45347206131258
1343,63.45347206131258
1344,63.45347206131258
1345,63.45347206131258
1347,63.57943969681314
1348,63.57943969681314
1349,63.57943969681314
1350,63.57943969681314
1351,63.57943969681314
1352,63.57943969681314
1353,63.57943969681314
1354,63.57943969681314
1355,63.57943969681314
1357,66.82375179618106
1358,66.82375179618106
1359,66.82375179618106
1360,66.82375179618106
1361,66.82375179618106
1362,66.82375179618106
1363,66.82375179618106
1364,66.82375179618106
1365,66.82375179618106
1366,66.82375179618106
1368,32.892800000029496
1369,32.892800000029496
1370,32.892800000029496
1371,32.892800000029496
1372,32.892800000029496
1373,32.892800000029496
1374,32.892800000029496
1375,32.892800000029496
1376,32.892800000029496
1381,64.01125353227636
1382,64.64574286339197
1405,65.51272319712626
1406,65.35290473695508
1407,64.38263449530946
1409,69.17642669289567
1410,67.59548392794993
1411,68.21405164190676
1412,68.48228313145057
1413,68.34398255498694
1414,68.75360234465094
1415,68.22350260265951
1416,68.22350260265951
1417,68.22350260265951
1418,68.22350260265951
1419,68.22350260265951
1420,68.22350260265951
1421,68.22350260265951
1422,68.22350260265951
1423,68.22350260265951
1424,68.22350260265951
1425,68.22350260265951
1426,68.22350260265951
1427,68.22350260265951
1428,68.22350260265951
1429,68.22350260265951
1430,68.22350260265951
1431,68.22350260265951
1432,68.22350260265951
1433,68.22350260265951
1434,68.22350260265951
1435,65.9845226033882
1436,65.9845226033882
1488,77.46571894435715
1489,77.46571894435715
1491,77.90644618749324
1492,77.90644618749324
1494,77.07936937735876
1495,77.07936937735876
1497,76.10834247827528
1498,76.10834247827528
1500,77.07501457388246
1501,77.07501457388246
1503,75.8897755465199
1504,75.8897755465199
1506,73.49962082422336
1507,73.49962082422336
1509,73.39509759259134
1510,73.39509759259134
1512,71.43652528259702
1513,71.43652528259702
1515,69.89110587057897
1516,69.89110587057897
1518,76.96696137429885
1519,76.96696137429885
1521,76.5605733211813
1522,76.5605733211813
1524,76.89446371709485
1525,76.89446371709485
1527,78.03453475143246
1528,78.03453475143246
1530,78.24985625635225
1531,78.24985625635225
1533,77.69319944280434
1534,77.69319944280434
1536,76.69572743782852
1537,76.69572743782852
1539,78.04382043695506
1540,78.04382043695506
1542,76.77630344012152
1543,76.77630344012152
1545,74.36985493772742
1546,74.36985493772742
1548,74.40191380324572
1549,74.40191380324572
1551,71.87758509126338
1552,71.87758509126338
1554,70.19074538923876
1555,70.19074538923876
1557,77.82385601200664
1558,77.82385601200664
1560,77.89582194438734
1561,77.89582194438734
1563,78.24909690180063
1564,78.24909690180063
1566,76.38298123342817
1567,76.38298123342817
1569,76.8655752180722
1570,76.8655752180722
1572,74.55297204532056
1573,74.55297204532056
1575,72.80853298055628
1576,72.80853298055628
1578,75.65220325385309
1579,75.65220325385309
1581,74.6304493488395
1582,74.6304493488395
1584,71.13594461724934
1585,71.13594461724934
1587,72.91090402945308
1588,72.91090402945308
1590,70.9235724603098
1591,70.9235724603098
1593,69.49567113476904
1594,69.49567113476904
1596,76.54961160602191
1597,76.54961160602191
1599,76.44021397988759
1600,76.44021397988759
1602,76.27215892615541
1603,76.27215892615541
1605,77.26115115540874
1606,77.26115115540874
1608,77.30095322288949
1609,77.30095322288949
1611,75.37133437506239
1612,75.37133437506239
1614,73.24181673752928
1615,73.24181673752928
1617,76.1076332452654
1618,76.1076332452654
1620,74.89290228782984
1621,74.89290228782984
1623,71.69008298924433
1624,71.69008298924433
1626,73.2260784709477
1627,73.2260784709477
1629,71.70619663043809
1630,71.70619663043809
1632,70.2503050348724
1633,70.2503050348724
1635,76.94245949622885
1636,76.94245949622885
1638,76.88443064427396
1639,76.88443064427396
1641,77.00971202437466
1642,77.00971202437466
1643,55.15690041131361
1644,56.807122796187606
1645,50.50721052746492
1646,56.364886370729515
1647,61.628487133245756
1648,52.20705735533505
1649,63.21863768469409
1650,59.94941362188217
1651,65.32245932303275
